,Propulsion System  Field Power Supply,Cooling System 1 Service Pump ,Fuel System 1  Injector Pump ,Fuel System 2  Service Pump ,Cooling System 2  Service Pump ,Empty- CRIO1_Slot_6_Channel_6,Electrical System SSB 1 to SSB 2 tie ,Propulsion System 2  VFD Power ,Electrical System Shore Tie,Cooling System 2 Heater ,Fuel System 1 Service Pump ,Cooling System 1  Heater ,Electrical System S2 C5 - Not in use ,Fuel System 2  Injector Pump ,Electrical System Main Input ,Cooling System 1  Leak Valve,Cooling System 2  Leak Valve,Fuel System 1 Leak Valve,Empty -  CRIO1_Slot_8_Channel_3,Fuel System  Cross Tie ,Cooling System  Cross Tie ,Empty -  CRIO1_Slot_8_Channel_6,Fuel System 2  Leak Valve,Mission System 1 Power Supply,Cooling System 1  Heater Enable,Cooling System 2  Heater Enable,Fuel System 1  Injection Control ,Mission System 2  Power Supply - Current Control,Fuel System 2  Rail Pressure Control ,Fuel System 1  Low Pressure Clog ,Fuel System 1  Rail Pressure Control ,Fuel System 2  Low Pressure Clog ,Cooling System 2  Low Pressure Clog ,Cooling System 1 Low Pressure Clog ,Fuel System 1  High Pressure Clog ,Fuel System 2  High Pressure Clog ,Cooling System 1 Heater Control ,Cooling System 2  Heater Control ,Fuel System 2  Injection Control ,Cooling System 1  Leak Valve,Cooling System 2  Leak Valve,Fuel System 1 Leak Valve,Empty -  CRIO1_Slot_8_Channel_3,Fuel System  Cross Tie ,Cooling System  Cross Tie ,Empty -  CRIO1_Slot_8_Channel_6,Fuel System 2  Leak Valve,Gen 1 start/stop,Gen 2 start/stop,Gen 3 start/stop,Propulsion System 1  Enable Forward,Propulsion System 1  Enable Reverse,Propulsion System 2  Enable Forward,Propulsion System 2  Enable Reverse,Empty CRIO2_Slot_5_Channel_7,Electrical System Relay - MSB1 to SSB1 ,Energy Storage MSB1 to Energy Storage ,Electrical System Relay - MSB2 to SSB2 ,Gen 1 MSB1 to Gen1,Electrical System Relay - MSB1 to MSB2,Propulsion Sytem 1  MSB1 to Prop1 ,Gen 3  MSB2 to Gen3,Gen 2 MSB2 to Gen2,Mission System 2  Power Supply Voltage Control,Empty- CRIO2_Slot_8_Channel_1,Gen 2 Voltage Regulator Gen2,Gen 1 Voltage Regulator Gen1,Gen 3  Voltage Regulator Gen3,"Propulsion System 1  Field Control, Prop1","Propulsion System 2 Field Control, Prop1",Gen 1  PID ERROR - DVFD1,Gen 2  PID ERROR - DVFD2,Gen 3  PID ERROR - DVFD3,Mission System 2 Current Control (Command) ,Propulsion System 1  Speed Control,Propulsion System 2  Speed Control,Empty- CRIO2_Slot_8_Channel_13,Mission System 1 Current Command ,Mission System 2  Current Command
0,0.0,1.0,1.0,1.0,1.0,1.0,0.0,0.0,1.0,0.0,1.0,1.0,1.0,0.0,1.0,1000.0,10000.0,8000.0,8000.0,8035.0,5000.0,7800.0,1851.0,76.0,0.231375,0.648625,4.093,0.1,1.0,23.650000000000002,23.0,81.0,0.0,0.0,0.0,0.0,0.0,0.0,0.0,0.0,1000.0,0.0,1000.0,1000.0,0.0,1000.0,0.0,1.0,1.0,1.0,1.0,1.0,0.0,1.0,1.0,0.0,10.0,0.0,0.95,0.95,0.95,0.0,0.0,0.0,0.0,-98.49999999999972,1151.499999999999,734.7499999999995,33.33,0.0,58.0,58.0,,,,,,,
1,0.0,1.0,1.0,1.0,1.0,1.0,0.0,0.0,1.0,0.0,1.0,1.0,1.0,0.0,1.0,1000.0,10000.0,8000.0,8000.0,8035.0,5000.0,7800.0,1851.0,76.0,0.231375,0.648625,4.093,0.1,1.0,23.650000000000002,23.0,81.0,0.0,0.0,0.0,0.0,0.0,0.0,0.0,0.0,1000.0,0.0,1000.0,1000.0,0.0,1000.0,0.0,1.0,1.0,1.0,1.0,1.0,0.0,1.0,1.0,0.0,10.0,0.0,0.95,0.95,0.95,0.0,0.0,0.0,0.0,-98.49999999999972,1151.499999999999,734.7499999999995,33.33,0.0,58.0,58.0,,,,,,,
2,0.0,1.0,1.0,1.0,1.0,1.0,0.0,0.0,1.0,0.0,1.0,1.0,1.0,0.0,1.0,1000.0,10000.0,8000.0,8000.0,8035.0,5000.0,7800.0,1851.0,76.0,0.231375,0.648625,4.093,0.1,1.0,23.650000000000002,23.0,81.0,0.0,0.0,0.0,0.0,0.0,0.0,0.0,0.0,1000.0,0.0,1000.0,1000.0,0.0,1000.0,0.0,1.0,1.0,1.0,1.0,1.0,0.0,1.0,1.0,0.0,10.0,0.0,0.95,0.95,0.95,0.0,0.0,0.0,0.0,-98.49999999999972,1151.499999999999,734.7499999999995,33.33,0.0,58.0,58.0,,,,,,,
3,0.0,1.0,1.0,1.0,1.0,1.0,0.0,0.0,1.0,0.0,1.0,1.0,1.0,0.0,1.0,1000.0,10000.0,8000.0,8000.0,8035.0,5000.0,7800.0,1851.0,76.0,0.231375,0.648625,4.093,0.1,1.0,23.650000000000002,23.0,81.0,0.0,0.0,0.0,0.0,0.0,0.0,0.0,0.0,1000.0,0.0,1000.0,1000.0,0.0,1000.0,0.0,1.0,1.0,1.0,1.0,1.0,0.0,1.0,1.0,0.0,10.0,0.0,0.95,0.95,0.95,0.0,0.0,0.0,0.0,-98.49999999999972,1151.499999999999,734.7499999999995,33.33,0.0,58.0,58.0,,,,,,,
4,0.0,1.0,1.0,1.0,1.0,1.0,0.0,0.0,1.0,0.0,1.0,1.0,1.0,0.0,1.0,1000.0,10000.0,8000.0,8000.0,8035.0,5000.0,7800.0,1851.0,76.0,0.231375,0.648625,4.093,0.1,1.0,23.650000000000002,23.0,81.0,0.0,0.0,0.0,0.0,0.0,0.0,0.0,0.0,1000.0,0.0,1000.0,1000.0,0.0,1000.0,0.0,1.0,1.0,1.0,1.0,1.0,0.0,1.0,1.0,0.0,10.0,0.0,0.95,0.95,0.95,0.0,0.0,0.0,0.0,-98.49999999999972,1151.499999999999,734.7499999999995,33.33,0.0,58.0,58.0,,,,,,,
5,0.0,1.0,1.0,1.0,1.0,1.0,0.0,0.0,1.0,0.0,1.0,1.0,1.0,0.0,1.0,1000.0,10000.0,8000.0,8000.0,8035.0,5000.0,7800.0,1851.0,76.0,0.231375,0.648625,4.093,0.1,1.0,23.650000000000002,23.0,81.0,0.0,0.0,0.0,0.0,0.0,0.0,0.0,0.0,1000.0,0.0,1000.0,1000.0,0.0,1000.0,0.0,1.0,1.0,1.0,1.0,1.0,0.0,1.0,1.0,0.0,10.0,0.0,0.95,0.95,0.95,0.0,0.0,0.0,0.0,-98.49999999999972,1151.499999999999,734.7499999999995,33.33,0.0,58.0,58.0,,,,,,,
6,0.0,1.0,1.0,1.0,1.0,1.0,0.0,0.0,1.0,0.0,1.0,1.0,1.0,0.0,1.0,1000.0,10000.0,8000.0,8000.0,8035.0,5000.0,7800.0,1851.0,76.0,0.231375,0.648625,4.093,0.1,1.0,23.650000000000002,23.0,81.0,0.0,0.0,0.0,0.0,0.0,0.0,0.0,0.0,1000.0,0.0,1000.0,1000.0,0.0,1000.0,0.0,1.0,1.0,1.0,1.0,1.0,0.0,1.0,1.0,0.0,10.0,0.0,0.95,0.95,0.95,0.0,0.0,0.0,0.0,-98.49999999999972,1151.499999999999,734.7499999999995,33.33,0.0,58.0,58.0,,,,,,,
7,0.0,1.0,1.0,1.0,1.0,1.0,0.0,0.0,1.0,0.0,1.0,1.0,1.0,0.0,1.0,1000.0,10000.0,8000.0,8000.0,8035.0,5000.0,7800.0,1851.0,76.0,0.231375,0.648625,4.093,0.1,1.0,23.650000000000002,23.0,81.0,0.0,0.0,0.0,0.0,0.0,0.0,0.0,0.0,1000.0,0.0,1000.0,1000.0,0.0,1000.0,0.0,1.0,1.0,1.0,1.0,1.0,0.0,1.0,1.0,0.0,10.0,0.0,0.95,0.95,0.95,0.0,0.0,0.0,0.0,-98.49999999999972,1151.499999999999,734.7499999999995,33.33,0.0,58.0,58.0,,,,,,,
8,0.0,1.0,1.0,1.0,1.0,1.0,0.0,0.0,1.0,0.0,1.0,1.0,1.0,0.0,1.0,1000.0,10000.0,8000.0,8000.0,8035.0,5000.0,7800.0,1851.0,76.0,0.231375,0.648625,4.093,0.1,1.0,23.650000000000002,23.0,81.0,0.0,0.0,0.0,0.0,0.0,0.0,0.0,0.0,1000.0,0.0,1000.0,1000.0,0.0,1000.0,0.0,1.0,1.0,1.0,1.0,1.0,0.0,1.0,1.0,0.0,10.0,0.0,0.95,0.95,0.95,0.0,0.0,0.0,0.0,-98.49999999999972,1151.499999999999,734.7499999999995,33.33,0.0,58.0,58.0,,,,,,,
9,0.0,1.0,1.0,1.0,1.0,1.0,0.0,0.0,1.0,0.0,1.0,1.0,1.0,0.0,1.0,1000.0,10000.0,8000.0,8000.0,8035.0,5000.0,7800.0,1851.0,76.0,0.231375,0.648625,4.093,0.1,1.0,23.650000000000002,23.0,81.0,0.0,0.0,0.0,0.0,0.0,0.0,0.0,0.0,1000.0,0.0,1000.0,1000.0,0.0,1000.0,0.0,1.0,1.0,1.0,1.0,1.0,0.0,1.0,1.0,0.0,10.0,0.0,0.95,0.95,0.95,0.0,0.0,0.0,0.0,-98.49999999999972,1151.499999999999,734.7499999999995,33.33,0.0,58.0,58.0,,,,,,,
10,0.0,1.0,1.0,1.0,1.0,1.0,0.0,0.0,1.0,0.0,1.0,1.0,1.0,0.0,1.0,1000.0,10000.0,8000.0,8000.0,8035.0,5000.0,7800.0,1851.0,76.0,0.231375,0.648625,4.093,0.1,1.0,23.650000000000002,23.0,81.0,0.0,0.0,0.0,0.0,0.0,0.0,0.0,0.0,1000.0,0.0,1000.0,1000.0,0.0,1000.0,0.0,1.0,1.0,1.0,1.0,1.0,0.0,1.0,1.0,0.0,10.0,0.0,0.95,0.95,0.95,0.0,0.0,0.0,0.0,-98.49999999999972,1151.499999999999,734.7499999999995,33.33,0.0,58.0,58.0,,,,,,,
11,0.0,1.0,1.0,1.0,1.0,1.0,0.0,0.0,1.0,0.0,1.0,1.0,1.0,0.0,1.0,1000.0,10000.0,8000.0,8000.0,8035.0,5000.0,7800.0,1851.0,76.0,0.231375,0.648625,4.093,0.1,1.0,23.650000000000002,23.0,81.0,0.0,0.0,0.0,0.0,0.0,0.0,0.0,0.0,1000.0,0.0,1000.0,1000.0,0.0,1000.0,0.0,1.0,1.0,1.0,1.0,1.0,0.0,1.0,1.0,0.0,10.0,0.0,0.95,0.95,0.95,0.0,0.0,0.0,0.0,-98.49999999999972,1151.499999999999,734.7499999999995,33.33,0.0,58.0,58.0,,,,,,,
12,0.0,1.0,1.0,1.0,1.0,1.0,0.0,0.0,1.0,0.0,1.0,1.0,1.0,0.0,1.0,1000.0,10000.0,8000.0,8000.0,8035.0,5000.0,7800.0,1851.0,76.0,0.231375,0.648625,4.093,0.1,1.0,23.650000000000002,23.0,81.0,0.0,0.0,0.0,0.0,0.0,0.0,0.0,0.0,1000.0,0.0,1000.0,1000.0,0.0,1000.0,0.0,1.0,1.0,1.0,1.0,1.0,0.0,1.0,1.0,0.0,10.0,0.0,0.95,0.95,0.95,0.0,0.0,0.0,0.0,-98.49999999999972,1151.499999999999,734.7499999999995,33.33,0.0,58.0,58.0,,,,,,,
13,0.0,1.0,1.0,1.0,1.0,1.0,0.0,0.0,1.0,0.0,1.0,1.0,1.0,0.0,1.0,1000.0,10000.0,8000.0,8000.0,8035.0,5000.0,7800.0,1851.0,76.0,0.231375,0.648625,4.093,0.1,1.0,23.650000000000002,23.0,81.0,0.0,0.0,0.0,0.0,0.0,0.0,0.0,0.0,1000.0,0.0,1000.0,1000.0,0.0,1000.0,0.0,1.0,1.0,1.0,1.0,1.0,0.0,1.0,1.0,0.0,10.0,0.0,0.95,0.95,0.95,0.0,0.0,0.0,0.0,-98.49999999999972,1151.499999999999,734.7499999999995,33.33,0.0,58.0,58.0,,,,,,,
14,0.0,1.0,1.0,1.0,1.0,1.0,0.0,0.0,1.0,0.0,1.0,1.0,1.0,0.0,1.0,1000.0,10000.0,8000.0,8000.0,8035.0,5000.0,7800.0,1851.0,76.0,0.231375,0.648625,4.093,0.1,1.0,23.650000000000002,23.0,81.0,0.0,0.0,0.0,0.0,0.0,0.0,0.0,0.0,1000.0,0.0,1000.0,1000.0,0.0,1000.0,0.0,1.0,1.0,1.0,1.0,1.0,0.0,1.0,1.0,0.0,10.0,0.0,0.95,0.95,0.95,0.0,0.0,0.0,0.0,-98.49999999999972,1151.499999999999,734.7499999999995,33.33,0.0,58.0,58.0,,,,,,,
15,0.0,1.0,1.0,1.0,1.0,1.0,0.0,0.0,1.0,0.0,1.0,1.0,1.0,0.0,1.0,1000.0,10000.0,8000.0,8000.0,8035.0,5000.0,7800.0,1851.0,76.0,0.231375,0.648625,4.093,0.1,1.0,23.650000000000002,23.0,81.0,0.0,0.0,0.0,0.0,0.0,0.0,0.0,0.0,1000.0,0.0,1000.0,1000.0,0.0,1000.0,0.0,1.0,1.0,1.0,1.0,1.0,0.0,1.0,1.0,0.0,10.0,0.0,0.95,0.95,0.95,0.0,0.0,0.0,0.0,-98.49999999999972,1151.499999999999,734.7499999999995,33.33,0.0,58.0,58.0,,,,,,,
16,0.0,1.0,1.0,1.0,1.0,1.0,0.0,0.0,1.0,0.0,1.0,1.0,1.0,0.0,1.0,1000.0,10000.0,8000.0,8000.0,8036.0,5000.0,7800.0,1851.0,76.0,0.231375,0.648625,4.093,0.1,1.0,23.650000000000002,23.0,81.0,0.0,0.0,0.0,0.0,0.0,0.0,0.0,0.0,1000.0,0.0,1000.0,1000.0,0.0,1000.0,0.0,1.0,1.0,1.0,1.0,1.0,0.0,1.0,1.0,0.0,10.0,0.0,0.95,0.95,0.95,0.0,0.0,0.0,0.0,-98.49999999999972,1151.499999999999,734.7499999999995,33.33,0.0,58.0,58.0,,,,,,,
17,0.0,1.0,1.0,1.0,1.0,1.0,0.0,0.0,1.0,0.0,1.0,1.0,1.0,0.0,1.0,1000.0,10000.0,8000.0,8000.0,8036.0,5000.0,7800.0,1851.0,76.0,0.231375,0.648625,4.093,0.1,1.0,23.650000000000002,23.0,81.0,0.0,0.0,0.0,0.0,0.0,0.0,0.0,0.0,1000.0,0.0,1000.0,1000.0,0.0,1000.0,0.0,1.0,1.0,1.0,1.0,1.0,0.0,1.0,1.0,0.0,10.0,0.0,0.95,0.95,0.95,0.0,0.0,0.0,0.0,-98.49999999999972,1151.499999999999,734.7499999999995,33.33,0.0,58.0,58.0,,,,,,,
18,0.0,1.0,1.0,1.0,1.0,1.0,0.0,0.0,1.0,0.0,1.0,1.0,1.0,0.0,1.0,1000.0,10000.0,8000.0,8000.0,8036.0,5000.0,7800.0,1851.0,76.0,0.231375,0.648625,4.093,0.1,1.0,23.650000000000002,23.0,81.12,0.0,0.0,0.0,0.0,0.0,0.0,0.0,0.0,1000.0,0.0,1000.0,1000.0,0.0,1000.0,0.0,1.0,1.0,1.0,1.0,1.0,0.0,1.0,1.0,0.0,10.0,0.0,0.95,0.95,0.95,0.0,0.0,0.0,0.0,-98.49999999999972,1151.499999999999,734.7499999999995,33.33,0.0,58.0,58.0,,,,,,,
19,0.0,1.0,1.0,1.0,1.0,1.0,0.0,0.0,1.0,0.0,1.0,1.0,1.0,0.0,1.0,1000.0,10000.0,8000.0,8000.0,8036.0,5000.0,7800.0,1851.0,76.0,0.231375,0.648625,4.093,0.1,1.0,23.650000000000002,23.0,81.12,0.0,0.0,0.0,0.0,0.0,0.0,0.0,0.0,1000.0,0.0,1000.0,1000.0,0.0,1000.0,0.0,1.0,1.0,1.0,1.0,1.0,0.0,1.0,1.0,0.0,10.0,0.0,0.95,0.95,0.95,0.0,0.0,0.0,0.0,-98.49999999999972,1151.499999999999,734.7499999999995,33.33,0.0,58.0,58.0,,,,,,,
20,0.0,1.0,1.0,1.0,1.0,1.0,0.0,0.0,1.0,0.0,1.0,1.0,1.0,0.0,1.0,1000.0,10000.0,8000.0,8000.0,8036.0,5000.0,7800.0,1851.0,76.0,0.231375,0.648625,4.093,0.1,1.0,23.650000000000002,23.0,81.0,0.0,0.0,0.0,0.0,0.0,0.0,0.0,0.0,1000.0,0.0,1000.0,1000.0,0.0,1000.0,0.0,1.0,1.0,1.0,1.0,1.0,0.0,1.0,1.0,0.0,10.0,0.0,0.95,0.95,0.95,0.0,0.0,0.0,0.0,-98.49999999999972,1151.499999999999,734.7499999999995,33.33,0.0,58.0,58.0,,,,,,,
21,0.0,1.0,1.0,1.0,1.0,1.0,0.0,0.0,1.0,0.0,1.0,1.0,1.0,0.0,1.0,1000.0,10000.0,8000.0,8000.0,8036.0,5000.0,7800.0,1851.0,76.0,0.231375,0.648625,4.093,0.1,1.0,23.650000000000002,23.0,81.0,0.0,0.0,0.0,0.0,0.0,0.0,0.0,0.0,1000.0,0.0,1000.0,1000.0,0.0,1000.0,0.0,1.0,1.0,1.0,1.0,1.0,0.0,1.0,1.0,0.0,10.0,0.0,0.95,0.95,0.95,0.0,0.0,0.0,0.0,-98.49999999999972,1151.499999999999,734.7499999999995,33.33,0.0,58.0,58.0,,,,,,,
22,0.0,1.0,1.0,1.0,1.0,1.0,0.0,0.0,1.0,0.0,1.0,1.0,1.0,0.0,1.0,1000.0,10000.0,8000.0,8000.0,8035.0,5000.0,7800.0,1851.0,76.0,0.231375,0.648625,4.093,0.1,1.0,23.650000000000002,23.0,81.0,0.0,0.0,0.0,0.0,0.0,0.0,0.0,0.0,1000.0,0.0,1000.0,1000.0,0.0,1000.0,0.0,1.0,1.0,1.0,1.0,1.0,0.0,1.0,1.0,0.0,10.0,0.0,0.95,0.95,0.95,0.0,0.0,0.0,0.0,-98.49999999999972,1151.499999999999,734.7499999999995,33.33,0.0,58.0,58.0,,,,,,,
23,0.0,1.0,1.0,1.0,1.0,1.0,0.0,0.0,1.0,0.0,1.0,1.0,1.0,0.0,1.0,1000.0,10000.0,8000.0,8000.0,8035.0,5000.0,7800.0,1851.0,76.0,0.231375,0.648625,4.093,0.1,1.0,23.650000000000002,23.0,81.0,0.0,0.0,0.0,0.0,0.0,0.0,0.0,0.0,1000.0,0.0,1000.0,1000.0,0.0,1000.0,0.0,1.0,1.0,1.0,1.0,1.0,0.0,1.0,1.0,0.0,10.0,0.0,0.95,0.95,0.95,0.0,0.0,0.0,0.0,-98.49999999999972,1151.499999999999,734.7499999999995,33.33,0.0,58.0,58.0,,,,,,,
24,0.0,1.0,1.0,1.0,1.0,1.0,0.0,0.0,1.0,0.0,1.0,1.0,1.0,0.0,1.0,1000.0,10000.0,8000.0,8000.0,8035.0,5000.0,7800.0,1851.0,76.0,0.231375,0.648625,4.093,0.1,1.0,23.650000000000002,23.0,81.0,0.0,0.0,0.0,0.0,0.0,0.0,0.0,0.0,1000.0,0.0,1000.0,1000.0,0.0,1000.0,0.0,1.0,1.0,1.0,1.0,1.0,0.0,1.0,1.0,0.0,10.0,0.0,0.95,0.95,0.95,0.0,0.0,0.0,0.0,-98.49999999999972,1151.499999999999,734.7499999999995,33.33,0.0,58.0,58.0,,,,,,,
25,0.0,1.0,1.0,1.0,1.0,1.0,0.0,0.0,1.0,0.0,1.0,1.0,1.0,0.0,1.0,1000.0,10000.0,8000.0,8000.0,8035.0,5000.0,7800.0,1851.0,76.0,0.231375,0.648625,4.093,0.1,1.0,23.650000000000002,23.0,81.0,0.0,0.0,0.0,0.0,0.0,0.0,0.0,0.0,1000.0,0.0,1000.0,1000.0,0.0,1000.0,0.0,1.0,1.0,1.0,1.0,1.0,0.0,1.0,1.0,0.0,10.0,0.0,0.95,0.95,0.95,0.0,0.0,0.0,0.0,-98.49999999999972,1151.499999999999,734.7499999999995,33.33,0.0,58.0,58.0,,,,,,,
26,0.0,1.0,1.0,1.0,1.0,1.0,0.0,0.0,1.0,0.0,1.0,1.0,1.0,0.0,1.0,1000.0,10000.0,8000.0,8000.0,8035.0,5000.0,7800.0,1851.0,76.0,0.231375,0.648625,4.093,0.1,1.0,23.650000000000002,23.0,81.0,0.0,0.0,0.0,0.0,0.0,0.0,0.0,0.0,1000.0,0.0,1000.0,1000.0,0.0,1000.0,0.0,1.0,1.0,1.0,1.0,1.0,0.0,1.0,1.0,0.0,10.0,0.0,0.95,0.95,0.95,0.0,0.0,0.0,0.0,-98.49999999999972,1151.499999999999,734.7499999999995,33.33,0.0,58.0,58.0,,,,,,,
27,0.0,1.0,1.0,1.0,1.0,1.0,0.0,0.0,1.0,0.0,1.0,1.0,1.0,0.0,1.0,1000.0,10000.0,8000.0,8000.0,8035.0,5000.0,7800.0,1851.0,76.0,0.231375,0.648625,4.093,0.1,1.0,23.650000000000002,23.0,81.0,0.0,0.0,0.0,0.0,0.0,0.0,0.0,0.0,1000.0,0.0,1000.0,1000.0,0.0,1000.0,0.0,1.0,1.0,1.0,1.0,1.0,0.0,1.0,1.0,0.0,10.0,0.0,0.95,0.95,0.95,0.0,0.0,0.0,0.0,-98.49999999999972,1151.499999999999,734.7499999999995,33.33,0.0,58.0,58.0,,,,,,,
28,0.0,1.0,1.0,1.0,1.0,1.0,0.0,0.0,1.0,0.0,1.0,1.0,1.0,0.0,1.0,1000.0,10000.0,8000.0,8000.0,8035.0,5000.0,7800.0,1851.0,76.0,0.231375,0.648625,4.093,0.1,1.0,23.650000000000002,23.0,81.01,0.0,0.0,0.0,0.0,0.0,0.0,0.0,0.0,1000.0,0.0,1000.0,1000.0,0.0,1000.0,0.0,1.0,1.0,1.0,1.0,1.0,0.0,1.0,1.0,0.0,10.0,0.0,0.95,0.95,0.95,0.0,0.0,0.0,0.0,-98.49999999999972,1151.499999999999,734.7499999999995,33.33,0.0,58.0,58.0,,,,,,,
29,0.0,1.0,1.0,1.0,1.0,1.0,0.0,0.0,1.0,0.0,1.0,1.0,1.0,0.0,1.0,1000.0,10000.0,8000.0,8000.0,8035.0,5000.0,7800.0,1851.0,76.0,0.231375,0.648625,4.093,0.1,1.0,23.650000000000002,23.0,81.01,0.0,0.0,0.0,0.0,0.0,0.0,0.0,0.0,1000.0,0.0,1000.0,1000.0,0.0,1000.0,0.0,1.0,1.0,1.0,1.0,1.0,0.0,1.0,1.0,0.0,10.0,0.0,0.95,0.95,0.95,0.0,0.0,0.0,0.0,-98.49999999999972,1151.499999999999,734.7499999999995,33.33,0.0,58.0,58.0,,,,,,,
30,0.0,1.0,1.0,1.0,1.0,1.0,0.0,0.0,1.0,0.0,1.0,1.0,1.0,0.0,1.0,1000.0,10000.0,8000.0,8000.0,8035.0,5000.0,7800.0,1851.0,76.0,0.231375,0.648625,4.093,0.1,1.0,23.650000000000002,23.0,81.0,0.0,0.0,0.0,0.0,0.0,0.0,0.0,0.0,1000.0,0.0,1000.0,1000.0,0.0,1000.0,0.0,1.0,1.0,1.0,1.0,1.0,0.0,1.0,1.0,0.0,10.0,0.0,0.95,0.95,0.95,0.0,0.0,0.0,0.0,-98.49999999999972,1151.499999999999,734.7499999999995,33.33,0.0,58.0,58.0,,,,,,,
31,0.0,1.0,1.0,1.0,1.0,1.0,0.0,0.0,1.0,0.0,1.0,1.0,1.0,0.0,1.0,1000.0,10000.0,8000.0,8000.0,8035.0,5000.0,7800.0,1851.0,76.0,0.231375,0.648625,4.093,0.1,1.0,23.650000000000002,23.0,81.0,0.0,0.0,0.0,0.0,0.0,0.0,0.0,0.0,1000.0,0.0,1000.0,1000.0,0.0,1000.0,0.0,1.0,1.0,1.0,1.0,1.0,0.0,1.0,1.0,0.0,10.0,0.0,0.95,0.95,0.95,0.0,0.0,0.0,0.0,-98.49999999999972,1151.499999999999,734.7499999999995,33.33,0.0,58.0,58.0,,,,,,,
32,0.0,1.0,1.0,1.0,1.0,1.0,0.0,0.0,1.0,0.0,1.0,1.0,1.0,0.0,1.0,1000.0,10000.0,8000.0,8000.0,8036.0,5000.0,7800.0,1851.0,76.0,0.231375,0.648625,4.093,0.1,1.0,23.650000000000002,23.0,81.11000000000001,0.0,0.0,0.0,0.0,0.0,0.0,0.0,0.0,1000.0,0.0,1000.0,1000.0,0.0,1000.0,0.0,1.0,1.0,1.0,1.0,1.0,0.0,1.0,1.0,0.0,10.0,0.0,0.95,0.95,0.95,0.0,0.0,0.0,0.0,-98.49999999999972,1151.499999999999,734.7499999999995,33.33,0.0,58.0,58.0,,,,,,,
33,0.0,1.0,1.0,1.0,1.0,1.0,0.0,0.0,1.0,0.0,1.0,1.0,1.0,0.0,1.0,1000.0,10000.0,8000.0,8000.0,8036.0,5000.0,7800.0,1851.0,76.0,0.231375,0.648625,4.093,0.1,1.0,23.650000000000002,23.0,81.11000000000001,0.0,0.0,0.0,0.0,0.0,0.0,0.0,0.0,1000.0,0.0,1000.0,1000.0,0.0,1000.0,0.0,1.0,1.0,1.0,1.0,1.0,0.0,1.0,1.0,0.0,10.0,0.0,0.95,0.95,0.95,0.0,0.0,0.0,0.0,-98.49999999999972,1151.499999999999,734.7499999999995,33.33,0.0,58.0,58.0,,,,,,,
34,0.0,1.0,1.0,1.0,1.0,1.0,0.0,0.0,1.0,0.0,1.0,1.0,1.0,0.0,1.0,1000.0,10000.0,8000.0,8000.0,8036.0,5000.0,7800.0,1851.0,76.0,0.231375,0.648625,4.093,0.1,1.0,23.650000000000002,23.0,81.0,0.0,0.0,0.0,0.0,0.0,0.0,0.0,0.0,1000.0,0.0,1000.0,1000.0,0.0,1000.0,0.0,1.0,1.0,1.0,1.0,1.0,0.0,1.0,1.0,0.0,10.0,0.0,0.95,0.95,0.95,0.0,0.0,0.0,0.0,-98.49999999999972,1151.499999999999,734.7499999999995,33.33,0.0,58.0,58.0,,,,,,,
35,0.0,1.0,1.0,1.0,1.0,1.0,0.0,0.0,1.0,0.0,1.0,1.0,1.0,0.0,1.0,1000.0,10000.0,8000.0,8000.0,8036.0,5000.0,7800.0,1851.0,76.0,0.231375,0.648625,4.093,0.1,1.0,23.650000000000002,23.0,81.0,0.0,0.0,0.0,0.0,0.0,0.0,0.0,0.0,1000.0,0.0,1000.0,1000.0,0.0,1000.0,0.0,1.0,1.0,1.0,1.0,1.0,0.0,1.0,1.0,0.0,10.0,0.0,0.95,0.95,0.95,0.0,0.0,0.0,0.0,-98.49999999999972,1151.499999999999,734.7499999999995,33.33,0.0,58.0,58.0,,,,,,,
36,0.0,1.0,1.0,1.0,1.0,1.0,0.0,0.0,1.0,0.0,1.0,1.0,1.0,0.0,1.0,1000.0,10000.0,8000.0,8000.0,8036.0,5000.0,7800.0,1851.0,76.0,0.231375,0.648625,4.093,0.1,1.0,23.650000000000002,23.0,81.01,0.0,0.0,0.0,0.0,0.0,0.0,0.0,0.0,1000.0,0.0,1000.0,1000.0,0.0,1000.0,0.0,1.0,1.0,1.0,1.0,1.0,0.0,1.0,1.0,0.0,10.0,0.0,0.95,0.95,0.95,0.0,0.0,0.0,0.0,-98.49999999999972,1151.499999999999,734.7499999999995,33.33,0.0,58.0,58.0,,,,,,,
37,0.0,1.0,1.0,1.0,1.0,1.0,0.0,0.0,1.0,0.0,1.0,1.0,1.0,0.0,1.0,1000.0,10000.0,8000.0,8000.0,8036.0,5000.0,7800.0,1851.0,76.0,0.231375,0.648625,4.093,0.1,1.0,23.650000000000002,23.0,81.01,0.0,0.0,0.0,0.0,0.0,0.0,0.0,0.0,1000.0,0.0,1000.0,1000.0,0.0,1000.0,0.0,1.0,1.0,1.0,1.0,1.0,0.0,1.0,1.0,0.0,10.0,0.0,0.95,0.95,0.95,0.0,0.0,0.0,0.0,-98.49999999999972,1151.499999999999,734.7499999999995,33.33,0.0,58.0,58.0,,,,,,,
38,0.0,1.0,1.0,1.0,1.0,1.0,0.0,0.0,1.0,0.0,1.0,1.0,1.0,0.0,1.0,1000.0,10000.0,8000.0,8000.0,8036.0,5000.0,7800.0,1851.0,76.0,0.231375,0.648625,4.093,0.1,1.0,23.650000000000002,23.0,81.02000000000001,0.0,0.0,0.0,0.0,0.0,0.0,0.0,0.0,1000.0,0.0,1000.0,1000.0,0.0,1000.0,0.0,1.0,1.0,1.0,1.0,1.0,0.0,1.0,1.0,0.0,10.0,0.0,0.95,0.95,0.95,0.0,0.0,0.0,0.0,-98.49999999999972,1151.499999999999,734.7499999999995,33.33,0.0,58.0,58.0,,,,,,,
39,0.0,1.0,1.0,1.0,1.0,1.0,0.0,0.0,1.0,0.0,1.0,1.0,1.0,0.0,1.0,1000.0,10000.0,8000.0,8000.0,8036.0,5000.0,7800.0,1851.0,76.0,0.231375,0.648625,4.093,0.1,1.0,23.650000000000002,23.0,81.02000000000001,0.0,0.0,0.0,0.0,0.0,0.0,0.0,0.0,1000.0,0.0,1000.0,1000.0,0.0,1000.0,0.0,1.0,1.0,1.0,1.0,1.0,0.0,1.0,1.0,0.0,10.0,0.0,0.95,0.95,0.95,0.0,0.0,0.0,0.0,-98.49999999999972,1151.499999999999,734.7499999999995,33.33,0.0,58.0,58.0,,,,,,,
40,0.0,1.0,1.0,1.0,1.0,1.0,0.0,0.0,1.0,0.0,1.0,1.0,1.0,0.0,1.0,1000.0,10000.0,8000.0,8000.0,8036.0,5000.0,7800.0,1851.0,76.0,0.231375,0.648625,4.093,0.1,1.0,23.650000000000002,23.0,81.0,0.0,0.0,0.0,0.0,0.0,0.0,0.0,0.0,1000.0,0.0,1000.0,1000.0,0.0,1000.0,0.0,1.0,1.0,1.0,1.0,1.0,0.0,1.0,1.0,0.0,10.0,0.0,0.95,0.95,0.95,0.0,0.0,0.0,0.0,-98.49999999999972,1151.499999999999,734.7499999999995,33.33,0.0,58.0,58.0,,,,,,,
41,0.0,1.0,1.0,1.0,1.0,1.0,0.0,0.0,1.0,0.0,1.0,1.0,1.0,0.0,1.0,1000.0,10000.0,8000.0,8000.0,8036.0,5000.0,7800.0,1851.0,76.0,0.231375,0.648625,4.093,0.1,1.0,23.650000000000002,23.0,81.0,0.0,0.0,0.0,0.0,0.0,0.0,0.0,0.0,1000.0,0.0,1000.0,1000.0,0.0,1000.0,0.0,1.0,1.0,1.0,1.0,1.0,0.0,1.0,1.0,0.0,10.0,0.0,0.95,0.95,0.95,0.0,0.0,0.0,0.0,-98.49999999999972,1151.499999999999,734.7499999999995,33.33,0.0,58.0,58.0,,,,,,,
42,0.0,1.0,1.0,1.0,1.0,1.0,0.0,0.0,1.0,0.0,1.0,1.0,1.0,0.0,1.0,1000.0,10000.0,8000.0,8000.0,8036.0,5000.0,7800.0,1851.0,76.0,0.231375,0.648625,4.093,0.1,1.0,23.650000000000002,23.0,81.01,0.0,0.0,0.0,0.0,0.0,0.0,0.0,0.0,1000.0,0.0,1000.0,1000.0,0.0,1000.0,0.0,1.0,1.0,1.0,1.0,1.0,0.0,1.0,1.0,0.0,10.0,0.0,0.95,0.95,0.95,0.0,0.0,0.0,0.0,-98.49999999999972,1151.499999999999,734.7499999999995,33.33,0.0,58.0,58.0,,,,,,,
43,0.0,1.0,1.0,1.0,1.0,1.0,0.0,0.0,1.0,0.0,1.0,1.0,1.0,0.0,1.0,1000.0,10000.0,8000.0,8000.0,8036.0,5000.0,7800.0,1851.0,76.0,0.231375,0.648625,4.093,0.1,1.0,23.650000000000002,23.0,81.01,0.0,0.0,0.0,0.0,0.0,0.0,0.0,0.0,1000.0,0.0,1000.0,1000.0,0.0,1000.0,0.0,1.0,1.0,1.0,1.0,1.0,0.0,1.0,1.0,0.0,10.0,0.0,0.95,0.95,0.95,0.0,0.0,0.0,0.0,-98.49999999999972,1151.499999999999,734.7499999999995,33.33,0.0,58.0,58.0,,,,,,,
44,0.0,1.0,1.0,1.0,1.0,1.0,0.0,0.0,1.0,0.0,1.0,1.0,1.0,0.0,1.0,1000.0,10000.0,8000.0,8000.0,8036.0,5000.0,7800.0,1851.0,76.0,0.231375,0.648625,4.093,0.1,1.0,23.650000000000002,23.0,81.0,0.0,0.0,0.0,0.0,0.0,0.0,0.0,0.0,1000.0,0.0,1000.0,1000.0,0.0,1000.0,0.0,1.0,1.0,1.0,1.0,1.0,0.0,1.0,1.0,0.0,10.0,0.0,0.95,0.95,0.95,0.0,0.0,0.0,0.0,-98.49999999999972,1151.499999999999,734.7499999999995,33.33,0.0,58.0,58.0,,,,,,,
45,0.0,1.0,1.0,1.0,1.0,1.0,0.0,0.0,1.0,0.0,1.0,1.0,1.0,0.0,1.0,1000.0,10000.0,8000.0,8000.0,8036.0,5000.0,7800.0,1851.0,76.0,0.231375,0.648625,4.093,0.1,1.0,23.650000000000002,23.0,81.0,0.0,0.0,0.0,0.0,0.0,0.0,0.0,0.0,1000.0,0.0,1000.0,1000.0,0.0,1000.0,0.0,1.0,1.0,1.0,1.0,1.0,0.0,1.0,1.0,0.0,10.0,0.0,0.95,0.95,0.95,0.0,0.0,0.0,0.0,-98.49999999999972,1151.499999999999,734.7499999999995,33.33,0.0,58.0,58.0,,,,,,,
46,0.0,1.0,1.0,1.0,1.0,1.0,0.0,0.0,1.0,0.0,1.0,1.0,1.0,0.0,1.0,1000.0,10000.0,8000.0,8000.0,8036.0,5000.0,7800.0,1851.0,76.0,0.231375,0.648625,4.093,0.1,1.0,23.650000000000002,23.0,81.0,0.0,0.0,0.0,0.0,0.0,0.0,0.0,0.0,1000.0,0.0,1000.0,1000.0,0.0,1000.0,0.0,1.0,1.0,1.0,1.0,1.0,0.0,1.0,1.0,0.0,10.0,0.0,0.95,0.95,0.95,0.0,0.0,0.0,0.0,-98.49999999999972,1151.499999999999,734.7499999999995,33.33,0.0,58.0,58.0,,,,,,,
47,0.0,1.0,1.0,1.0,1.0,1.0,0.0,0.0,1.0,0.0,1.0,1.0,1.0,0.0,1.0,1000.0,10000.0,8000.0,8000.0,8036.0,5000.0,7800.0,1851.0,76.0,0.231375,0.648625,4.093,0.1,1.0,23.650000000000002,23.0,81.0,0.0,0.0,0.0,0.0,0.0,0.0,0.0,0.0,1000.0,0.0,1000.0,1000.0,0.0,1000.0,0.0,1.0,1.0,1.0,1.0,1.0,0.0,1.0,1.0,0.0,10.0,0.0,0.95,0.95,0.95,0.0,0.0,0.0,0.0,-98.49999999999972,1151.499999999999,734.7499999999995,33.33,0.0,58.0,58.0,,,,,,,
48,0.0,1.0,1.0,1.0,1.0,1.0,0.0,0.0,1.0,0.0,1.0,1.0,1.0,0.0,1.0,1000.0,10000.0,8000.0,8000.0,8035.0,5000.0,7800.0,1851.0,76.0,0.231375,0.648625,4.093,0.1,1.0,23.650000000000002,23.0,81.0,0.0,0.0,0.0,0.0,0.0,0.0,0.0,0.0,1000.0,0.0,1000.0,1000.0,0.0,1000.0,0.0,1.0,1.0,1.0,1.0,1.0,0.0,1.0,1.0,0.0,10.0,0.0,0.95,0.95,0.95,0.0,0.0,0.0,0.0,-98.49999999999972,1151.499999999999,734.7499999999995,33.33,0.0,58.0,58.0,,,,,,,
49,0.0,1.0,1.0,1.0,1.0,1.0,0.0,0.0,1.0,0.0,1.0,1.0,1.0,0.0,1.0,1000.0,10000.0,8000.0,8000.0,8035.0,5000.0,7800.0,1851.0,76.0,0.231375,0.648625,4.093,0.1,1.0,23.650000000000002,23.0,81.0,0.0,0.0,0.0,0.0,0.0,0.0,0.0,0.0,1000.0,0.0,1000.0,1000.0,0.0,1000.0,0.0,1.0,1.0,1.0,1.0,1.0,0.0,1.0,1.0,0.0,10.0,0.0,0.95,0.95,0.95,0.0,0.0,0.0,0.0,-98.49999999999972,1151.499999999999,734.7499999999995,33.33,0.0,58.0,58.0,,,,,,,
50,0.0,1.0,1.0,1.0,1.0,1.0,0.0,0.0,1.0,0.0,1.0,1.0,1.0,0.0,1.0,1000.0,10000.0,8000.0,8000.0,8035.0,5000.0,7800.0,1851.0,76.0,0.231375,0.648625,4.093,0.1,1.0,23.650000000000002,23.0,81.0,0.0,0.0,0.0,0.0,0.0,0.0,0.0,0.0,1000.0,0.0,1000.0,1000.0,0.0,1000.0,0.0,1.0,1.0,1.0,1.0,1.0,0.0,1.0,1.0,0.0,10.0,0.0,0.95,0.95,0.95,0.0,0.0,0.0,0.0,-98.49999999999972,1151.499999999999,734.7499999999995,33.33,0.0,58.0,58.0,,,,,,,
51,0.0,1.0,1.0,1.0,1.0,1.0,0.0,0.0,1.0,0.0,1.0,1.0,1.0,0.0,1.0,1000.0,10000.0,8000.0,8000.0,8035.0,5000.0,7800.0,1851.0,76.0,0.231375,0.648625,4.093,0.1,1.0,23.650000000000002,23.0,81.0,0.0,0.0,0.0,0.0,0.0,0.0,0.0,0.0,1000.0,0.0,1000.0,1000.0,0.0,1000.0,0.0,1.0,1.0,1.0,1.0,1.0,0.0,1.0,1.0,0.0,10.0,0.0,0.95,0.95,0.95,0.0,0.0,0.0,0.0,-98.49999999999972,1151.499999999999,734.7499999999995,33.33,0.0,58.0,58.0,,,,,,,
52,0.0,1.0,1.0,1.0,1.0,1.0,0.0,0.0,1.0,0.0,1.0,1.0,1.0,0.0,1.0,1000.0,10000.0,8000.0,8000.0,8035.0,5000.0,7800.0,1851.0,76.0,0.231375,0.648625,4.093,0.1,1.0,23.650000000000002,23.0,81.09,0.0,0.0,0.0,0.0,0.0,0.0,0.0,0.0,1000.0,0.0,1000.0,1000.0,0.0,1000.0,0.0,1.0,1.0,1.0,1.0,1.0,0.0,1.0,1.0,0.0,10.0,0.0,0.95,0.95,0.95,0.0,0.0,0.0,0.0,-98.49999999999972,1151.499999999999,734.7499999999995,33.33,0.0,58.0,58.0,,,,,,,
53,0.0,1.0,1.0,1.0,1.0,1.0,0.0,0.0,1.0,0.0,1.0,1.0,1.0,0.0,1.0,1000.0,10000.0,8000.0,8000.0,8035.0,5000.0,7800.0,1851.0,76.0,0.231375,0.648625,4.093,0.1,1.0,23.650000000000002,23.0,81.09,0.0,0.0,0.0,0.0,0.0,0.0,0.0,0.0,1000.0,0.0,1000.0,1000.0,0.0,1000.0,0.0,1.0,1.0,1.0,1.0,1.0,0.0,1.0,1.0,0.0,10.0,0.0,0.95,0.95,0.95,0.0,0.0,0.0,0.0,-98.49999999999972,1151.499999999999,734.7499999999995,33.33,0.0,58.0,58.0,,,,,,,
54,0.0,1.0,1.0,1.0,1.0,1.0,0.0,0.0,1.0,0.0,1.0,1.0,1.0,0.0,1.0,1000.0,10000.0,8000.0,8000.0,8035.0,5000.0,7800.0,1851.0,76.0,0.231375,0.648625,4.093,0.1,1.0,23.650000000000002,23.0,81.0,0.0,0.0,0.0,0.0,0.0,0.0,0.0,0.0,1000.0,0.0,1000.0,1000.0,0.0,1000.0,0.0,1.0,1.0,1.0,1.0,1.0,0.0,1.0,1.0,0.0,10.0,0.0,0.95,0.95,0.95,0.0,0.0,0.0,0.0,-98.49999999999972,1151.499999999999,734.7499999999995,33.33,0.0,58.0,58.0,,,,,,,
55,0.0,1.0,1.0,1.0,1.0,1.0,0.0,0.0,1.0,0.0,1.0,1.0,1.0,0.0,1.0,1000.0,10000.0,8000.0,8000.0,8035.0,5000.0,7800.0,1851.0,76.0,0.231375,0.648625,4.093,0.1,1.0,23.650000000000002,23.0,81.0,0.0,0.0,0.0,0.0,0.0,0.0,0.0,0.0,1000.0,0.0,1000.0,1000.0,0.0,1000.0,0.0,1.0,1.0,1.0,1.0,1.0,0.0,1.0,1.0,0.0,10.0,0.0,0.95,0.95,0.95,0.0,0.0,0.0,0.0,-98.49999999999972,1151.499999999999,734.7499999999995,33.33,0.0,58.0,58.0,,,,,,,
56,0.0,1.0,1.0,1.0,1.0,1.0,0.0,0.0,1.0,0.0,1.0,1.0,1.0,0.0,1.0,1000.0,10000.0,8000.0,8000.0,8035.0,5000.0,7800.0,1851.0,76.0,0.231375,0.648625,4.093,0.1,1.0,23.650000000000002,23.0,81.15,0.0,0.0,0.0,0.0,0.0,0.0,0.0,0.0,1000.0,0.0,1000.0,1000.0,0.0,1000.0,0.0,1.0,1.0,1.0,1.0,1.0,0.0,1.0,1.0,0.0,10.0,0.0,0.95,0.95,0.95,0.0,0.0,0.0,0.0,-98.49999999999972,1151.499999999999,734.7499999999995,33.33,0.0,58.0,58.0,,,,,,,
57,0.0,1.0,1.0,1.0,1.0,1.0,0.0,0.0,1.0,0.0,1.0,1.0,1.0,0.0,1.0,1000.0,10000.0,8000.0,8000.0,8035.0,5000.0,7800.0,1851.0,76.0,0.231375,0.648625,4.093,0.1,1.0,23.650000000000002,23.0,81.15,0.0,0.0,0.0,0.0,0.0,0.0,0.0,0.0,1000.0,0.0,1000.0,1000.0,0.0,1000.0,0.0,1.0,1.0,1.0,1.0,1.0,0.0,1.0,1.0,0.0,10.0,0.0,0.95,0.95,0.95,0.0,0.0,0.0,0.0,-98.49999999999972,1151.499999999999,734.7499999999995,33.33,0.0,58.0,58.0,,,,,,,
58,0.0,1.0,1.0,1.0,1.0,1.0,0.0,0.0,1.0,0.0,1.0,1.0,1.0,0.0,1.0,1000.0,10000.0,8000.0,8000.0,8035.0,5000.0,7800.0,1851.0,76.0,0.231375,0.648625,4.093,0.1,1.0,23.650000000000002,23.0,81.0,0.0,0.0,0.0,0.0,0.0,0.0,0.0,0.0,1000.0,0.0,1000.0,1000.0,0.0,1000.0,0.0,1.0,1.0,1.0,1.0,1.0,0.0,1.0,1.0,0.0,10.0,0.0,0.95,0.95,0.95,0.0,0.0,0.0,0.0,-98.49999999999972,1151.499999999999,734.7499999999995,33.33,0.0,58.0,58.0,,,,,,,
59,0.0,1.0,1.0,1.0,1.0,1.0,0.0,0.0,1.0,0.0,1.0,1.0,1.0,0.0,1.0,1000.0,10000.0,8000.0,8000.0,8035.0,5000.0,7800.0,1851.0,76.0,0.231375,0.648625,4.093,0.1,1.0,23.650000000000002,23.0,81.0,0.0,0.0,0.0,0.0,0.0,0.0,0.0,0.0,1000.0,0.0,1000.0,1000.0,0.0,1000.0,0.0,1.0,1.0,1.0,1.0,1.0,0.0,1.0,1.0,0.0,10.0,0.0,0.95,0.95,0.95,0.0,0.0,0.0,0.0,-98.49999999999972,1151.499999999999,734.7499999999995,33.33,0.0,58.0,58.0,,,,,,,
60,0.0,1.0,1.0,1.0,1.0,1.0,0.0,0.0,1.0,0.0,1.0,1.0,1.0,0.0,1.0,1000.0,10000.0,8000.0,8000.0,8035.0,5000.0,7800.0,1851.0,76.0,0.231375,0.648625,4.093,0.1,1.0,23.650000000000002,23.0,81.0,0.0,0.0,0.0,0.0,0.0,0.0,0.0,0.0,1000.0,0.0,1000.0,1000.0,0.0,1000.0,0.0,1.0,1.0,1.0,1.0,1.0,0.0,1.0,1.0,0.0,10.0,0.0,0.95,0.95,0.95,0.0,0.0,0.0,0.0,-98.49999999999972,1151.499999999999,734.7499999999995,33.33,0.0,58.0,58.0,,,,,,,
61,0.0,1.0,1.0,1.0,1.0,1.0,0.0,0.0,1.0,0.0,1.0,1.0,1.0,0.0,1.0,1000.0,10000.0,8000.0,8000.0,8035.0,5000.0,7800.0,1851.0,76.0,0.231375,0.648625,4.093,0.1,1.0,23.650000000000002,23.0,81.0,0.0,0.0,0.0,0.0,0.0,0.0,0.0,0.0,1000.0,0.0,1000.0,1000.0,0.0,1000.0,0.0,1.0,1.0,1.0,1.0,1.0,0.0,1.0,1.0,0.0,10.0,0.0,0.95,0.95,0.95,0.0,0.0,0.0,0.0,-98.49999999999972,1151.499999999999,734.7499999999995,33.33,0.0,58.0,58.0,,,,,,,
62,0.0,1.0,1.0,1.0,1.0,1.0,0.0,0.0,1.0,0.0,1.0,1.0,1.0,0.0,1.0,1000.0,10000.0,8000.0,8000.0,8035.0,5000.0,7800.0,1851.0,76.0,0.231375,0.648625,4.093,0.1,1.0,23.650000000000002,23.0,81.0,0.0,0.0,0.0,0.0,0.0,0.0,0.0,0.0,1000.0,0.0,1000.0,1000.0,0.0,1000.0,0.0,1.0,1.0,1.0,1.0,1.0,0.0,1.0,1.0,0.0,10.0,0.0,0.95,0.95,0.95,0.0,0.0,0.0,0.0,-98.49999999999972,1151.499999999999,734.7499999999995,33.33,0.0,58.0,58.0,,,,,,,
63,0.0,1.0,1.0,1.0,1.0,1.0,0.0,0.0,1.0,0.0,1.0,1.0,1.0,0.0,1.0,1000.0,10000.0,8000.0,8000.0,8035.0,5000.0,7800.0,1851.0,76.0,0.231375,0.648625,4.093,0.1,1.0,23.650000000000002,23.0,81.0,0.0,0.0,0.0,0.0,0.0,0.0,0.0,0.0,1000.0,0.0,1000.0,1000.0,0.0,1000.0,0.0,1.0,1.0,1.0,1.0,1.0,0.0,1.0,1.0,0.0,10.0,0.0,0.95,0.95,0.95,0.0,0.0,0.0,0.0,-98.49999999999972,1151.499999999999,734.7499999999995,33.33,0.0,58.0,58.0,,,,,,,
64,0.0,1.0,1.0,1.0,1.0,1.0,0.0,0.0,1.0,0.0,1.0,1.0,1.0,0.0,1.0,1000.0,10000.0,8000.0,8000.0,8035.0,5000.0,7800.0,1851.0,76.0,0.231375,0.648625,4.093,0.1,1.0,23.650000000000002,23.0,81.0,0.0,0.0,0.0,0.0,0.0,0.0,0.0,0.0,1000.0,0.0,1000.0,1000.0,0.0,1000.0,0.0,1.0,1.0,1.0,1.0,1.0,0.0,1.0,1.0,0.0,10.0,0.0,0.95,0.95,0.95,0.0,0.0,0.0,0.0,-98.49999999999972,1151.499999999999,734.7499999999995,33.33,0.0,58.0,58.0,,,,,,,
65,0.0,1.0,1.0,1.0,1.0,1.0,0.0,0.0,1.0,0.0,1.0,1.0,1.0,0.0,1.0,1000.0,10000.0,8000.0,8000.0,8035.0,5000.0,7800.0,1851.0,76.0,0.231375,0.648625,4.093,0.1,1.0,23.650000000000002,23.0,81.0,0.0,0.0,0.0,0.0,0.0,0.0,0.0,0.0,1000.0,0.0,1000.0,1000.0,0.0,1000.0,0.0,1.0,1.0,1.0,1.0,1.0,0.0,1.0,1.0,0.0,10.0,0.0,0.95,0.95,0.95,0.0,0.0,0.0,0.0,-98.49999999999972,1151.499999999999,734.7499999999995,33.33,0.0,58.0,58.0,,,,,,,
66,0.0,1.0,1.0,1.0,1.0,1.0,0.0,0.0,1.0,0.0,1.0,1.0,1.0,0.0,1.0,1000.0,10000.0,8000.0,8000.0,8035.0,5000.0,7800.0,1851.0,76.0,0.231375,0.648625,4.093,0.1,1.0,23.650000000000002,23.0,81.0,0.0,0.0,0.0,0.0,0.0,0.0,0.0,0.0,1000.0,0.0,1000.0,1000.0,0.0,1000.0,0.0,1.0,1.0,1.0,1.0,1.0,0.0,1.0,1.0,0.0,10.0,0.0,0.95,0.95,0.95,0.0,0.0,0.0,0.0,-98.49999999999972,1151.499999999999,734.7499999999995,33.33,0.0,58.0,58.0,,,,,,,
67,0.0,1.0,1.0,1.0,1.0,1.0,0.0,0.0,1.0,0.0,1.0,1.0,1.0,0.0,1.0,1000.0,10000.0,8000.0,8000.0,8035.0,5000.0,7800.0,1851.0,76.0,0.231375,0.648625,4.093,0.1,1.0,23.650000000000002,23.0,81.0,0.0,0.0,0.0,0.0,0.0,0.0,0.0,0.0,1000.0,0.0,1000.0,1000.0,0.0,1000.0,0.0,1.0,1.0,1.0,1.0,1.0,0.0,1.0,1.0,0.0,10.0,0.0,0.95,0.95,0.95,0.0,0.0,0.0,0.0,-98.49999999999972,1151.499999999999,734.7499999999995,33.33,0.0,58.0,58.0,,,,,,,
68,0.0,1.0,1.0,1.0,1.0,1.0,0.0,0.0,1.0,0.0,1.0,1.0,1.0,0.0,1.0,1000.0,10000.0,8000.0,8000.0,8035.0,5000.0,7800.0,1851.0,76.0,0.231375,0.648625,4.093,0.1,1.0,23.650000000000002,23.0,81.0,0.0,0.0,0.0,0.0,0.0,0.0,0.0,0.0,1000.0,0.0,1000.0,1000.0,0.0,1000.0,0.0,1.0,1.0,1.0,1.0,1.0,0.0,1.0,1.0,0.0,10.0,0.0,0.95,0.95,0.95,0.0,0.0,0.0,0.0,-98.49999999999972,1151.499999999999,734.7499999999995,33.33,0.0,58.0,58.0,,,,,,,
69,0.0,1.0,1.0,1.0,1.0,1.0,0.0,0.0,1.0,0.0,1.0,1.0,1.0,0.0,1.0,1000.0,10000.0,8000.0,8000.0,8035.0,5000.0,7800.0,1851.0,76.0,0.231375,0.648625,4.093,0.1,1.0,23.650000000000002,23.0,81.0,0.0,0.0,0.0,0.0,0.0,0.0,0.0,0.0,1000.0,0.0,1000.0,1000.0,0.0,1000.0,0.0,1.0,1.0,1.0,1.0,1.0,0.0,1.0,1.0,0.0,10.0,0.0,0.95,0.95,0.95,0.0,0.0,0.0,0.0,-98.49999999999972,1151.499999999999,734.7499999999995,33.33,0.0,58.0,58.0,,,,,,,
70,0.0,1.0,1.0,1.0,1.0,1.0,0.0,0.0,1.0,0.0,1.0,1.0,1.0,0.0,1.0,1000.0,10000.0,8000.0,8000.0,8035.0,5000.0,7800.0,1851.0,76.0,0.231375,0.648625,4.093,0.1,1.0,23.650000000000002,23.0,81.0,0.0,0.0,0.0,0.0,0.0,0.0,0.0,0.0,1000.0,0.0,1000.0,1000.0,0.0,1000.0,0.0,1.0,1.0,1.0,1.0,1.0,0.0,1.0,1.0,0.0,10.0,0.0,0.95,0.95,0.95,0.0,0.0,0.0,0.0,-98.49999999999972,1151.499999999999,734.7499999999995,33.33,0.0,58.0,58.0,,,,,,,
71,0.0,1.0,1.0,1.0,1.0,1.0,0.0,0.0,1.0,0.0,1.0,1.0,1.0,0.0,1.0,1000.0,10000.0,8000.0,8000.0,8035.0,5000.0,7800.0,1851.0,76.0,0.231375,0.648625,4.093,0.1,1.0,23.650000000000002,23.0,81.0,0.0,0.0,0.0,0.0,0.0,0.0,0.0,0.0,1000.0,0.0,1000.0,1000.0,0.0,1000.0,0.0,1.0,1.0,1.0,1.0,1.0,0.0,1.0,1.0,0.0,10.0,0.0,0.95,0.95,0.95,0.0,0.0,0.0,0.0,-98.49999999999972,1151.499999999999,734.7499999999995,33.33,0.0,58.0,58.0,,,,,,,
72,0.0,1.0,1.0,1.0,1.0,1.0,0.0,0.0,1.0,0.0,1.0,1.0,1.0,0.0,1.0,1000.0,10000.0,8000.0,8000.0,8035.0,5000.0,7800.0,1851.0,76.0,0.231375,0.648625,4.093,0.1,1.0,23.650000000000002,23.0,81.0,0.0,0.0,0.0,0.0,0.0,0.0,0.0,0.0,1000.0,0.0,1000.0,1000.0,0.0,1000.0,0.0,1.0,1.0,1.0,1.0,1.0,0.0,1.0,1.0,0.0,10.0,0.0,0.95,0.95,0.95,0.0,0.0,0.0,0.0,-98.49999999999972,1151.499999999999,734.7499999999995,33.33,0.0,58.0,58.0,,,,,,,
73,0.0,1.0,1.0,1.0,1.0,1.0,0.0,0.0,1.0,0.0,1.0,1.0,1.0,0.0,1.0,1000.0,10000.0,8000.0,8000.0,8035.0,5000.0,7800.0,1851.0,76.0,0.231375,0.648625,4.093,0.1,1.0,23.650000000000002,23.0,81.0,0.0,0.0,0.0,0.0,0.0,0.0,0.0,0.0,1000.0,0.0,1000.0,1000.0,0.0,1000.0,0.0,1.0,1.0,1.0,1.0,1.0,0.0,1.0,1.0,0.0,10.0,0.0,0.95,0.95,0.95,0.0,0.0,0.0,0.0,-98.49999999999972,1151.499999999999,734.7499999999995,33.33,0.0,58.0,58.0,,,,,,,
74,0.0,1.0,1.0,1.0,1.0,1.0,0.0,0.0,1.0,0.0,1.0,1.0,1.0,0.0,1.0,1000.0,10000.0,8000.0,8000.0,8035.0,5000.0,7800.0,1851.0,76.0,0.231375,0.648625,4.093,0.1,1.0,23.650000000000002,23.0,81.0,0.0,0.0,0.0,0.0,0.0,0.0,0.0,0.0,1000.0,0.0,1000.0,1000.0,0.0,1000.0,0.0,1.0,1.0,1.0,1.0,1.0,0.0,1.0,1.0,0.0,10.0,0.0,0.95,0.95,0.95,0.0,0.0,0.0,0.0,-98.49999999999972,1151.499999999999,734.7499999999995,33.33,0.0,58.0,58.0,,,,,,,
75,0.0,1.0,1.0,1.0,1.0,1.0,0.0,0.0,1.0,0.0,1.0,1.0,1.0,0.0,1.0,1000.0,10000.0,8000.0,8000.0,8035.0,5000.0,7800.0,1851.0,76.0,0.231375,0.648625,4.093,0.1,1.0,23.650000000000002,23.0,81.0,0.0,0.0,0.0,0.0,0.0,0.0,0.0,0.0,1000.0,0.0,1000.0,1000.0,0.0,1000.0,0.0,1.0,1.0,1.0,1.0,1.0,0.0,1.0,1.0,0.0,10.0,0.0,0.95,0.95,0.95,0.0,0.0,0.0,0.0,-98.49999999999972,1151.499999999999,734.7499999999995,33.33,0.0,58.0,58.0,,,,,,,
76,0.0,1.0,1.0,1.0,1.0,1.0,0.0,0.0,1.0,0.0,1.0,1.0,1.0,0.0,1.0,1000.0,10000.0,8000.0,8000.0,8035.0,5000.0,7800.0,1851.0,76.0,0.231375,0.648625,4.093,0.1,1.0,23.650000000000002,23.0,81.02000000000001,0.0,0.0,0.0,0.0,0.0,0.0,0.0,0.0,1000.0,0.0,1000.0,1000.0,0.0,1000.0,0.0,1.0,1.0,1.0,1.0,1.0,0.0,1.0,1.0,0.0,10.0,0.0,0.95,0.95,0.95,0.0,0.0,0.0,0.0,-98.49999999999972,1151.499999999999,734.7499999999995,33.33,0.0,58.0,58.0,,,,,,,
77,0.0,1.0,1.0,1.0,1.0,1.0,0.0,0.0,1.0,0.0,1.0,1.0,1.0,0.0,1.0,1000.0,10000.0,8000.0,8000.0,8035.0,5000.0,7800.0,1851.0,76.0,0.231375,0.648625,4.093,0.1,1.0,23.650000000000002,23.0,81.02000000000001,0.0,0.0,0.0,0.0,0.0,0.0,0.0,0.0,1000.0,0.0,1000.0,1000.0,0.0,1000.0,0.0,1.0,1.0,1.0,1.0,1.0,0.0,1.0,1.0,0.0,10.0,0.0,0.95,0.95,0.95,0.0,0.0,0.0,0.0,-98.49999999999972,1151.499999999999,734.7499999999995,33.33,0.0,58.0,58.0,,,,,,,
78,0.0,1.0,1.0,1.0,1.0,1.0,0.0,0.0,1.0,0.0,1.0,1.0,1.0,0.0,1.0,1000.0,10000.0,8000.0,8000.0,8035.0,5000.0,7800.0,1851.0,76.0,0.231375,0.648625,4.093,0.1,1.0,23.650000000000002,23.0,81.0,0.0,0.0,0.0,0.0,0.0,0.0,0.0,0.0,1000.0,0.0,1000.0,1000.0,0.0,1000.0,0.0,1.0,1.0,1.0,1.0,1.0,0.0,1.0,1.0,0.0,10.0,0.0,0.95,0.95,0.95,0.0,0.0,0.0,0.0,-98.49999999999972,1151.499999999999,734.7499999999995,33.33,0.0,58.0,58.0,,,,,,,
79,0.0,1.0,1.0,1.0,1.0,1.0,0.0,0.0,1.0,0.0,1.0,1.0,1.0,0.0,1.0,1000.0,10000.0,8000.0,8000.0,8035.0,5000.0,7800.0,1851.0,76.0,0.231375,0.648625,4.093,0.1,1.0,23.650000000000002,23.0,81.0,0.0,0.0,0.0,0.0,0.0,0.0,0.0,0.0,1000.0,0.0,1000.0,1000.0,0.0,1000.0,0.0,1.0,1.0,1.0,1.0,1.0,0.0,1.0,1.0,0.0,10.0,0.0,0.95,0.95,0.95,0.0,0.0,0.0,0.0,-98.49999999999972,1151.499999999999,734.7499999999995,33.33,0.0,58.0,58.0,,,,,,,
80,0.0,1.0,1.0,1.0,1.0,1.0,0.0,0.0,1.0,0.0,1.0,1.0,1.0,0.0,1.0,1000.0,10000.0,8000.0,8000.0,8035.0,5000.0,7800.0,1851.0,76.0,0.231375,0.648625,4.093,0.1,1.0,23.650000000000002,23.0,81.06,0.0,0.0,0.0,0.0,0.0,0.0,0.0,0.0,1000.0,0.0,1000.0,1000.0,0.0,1000.0,0.0,1.0,1.0,1.0,1.0,1.0,0.0,1.0,1.0,0.0,10.0,0.0,0.95,0.95,0.95,0.0,0.0,0.0,0.0,-98.49999999999972,1151.499999999999,734.7499999999995,33.33,0.0,58.0,58.0,,,,,,,
81,0.0,1.0,1.0,1.0,1.0,1.0,0.0,0.0,1.0,0.0,1.0,1.0,1.0,0.0,1.0,1000.0,10000.0,8000.0,8000.0,8035.0,5000.0,7800.0,1851.0,76.0,0.231375,0.648625,4.093,0.1,1.0,23.650000000000002,23.0,81.06,0.0,0.0,0.0,0.0,0.0,0.0,0.0,0.0,1000.0,0.0,1000.0,1000.0,0.0,1000.0,0.0,1.0,1.0,1.0,1.0,1.0,0.0,1.0,1.0,0.0,10.0,0.0,0.95,0.95,0.95,0.0,0.0,0.0,0.0,-98.49999999999972,1151.499999999999,734.7499999999995,33.33,0.0,58.0,58.0,,,,,,,
82,0.0,1.0,1.0,1.0,1.0,1.0,0.0,0.0,1.0,0.0,1.0,1.0,1.0,0.0,1.0,1000.0,10000.0,8000.0,8000.0,8035.0,5000.0,7800.0,1851.0,76.0,0.231375,0.648625,4.093,0.1,1.0,23.650000000000002,23.0,81.0,0.0,0.0,0.0,0.0,0.0,0.0,0.0,0.0,1000.0,0.0,1000.0,1000.0,0.0,1000.0,0.0,1.0,1.0,1.0,1.0,1.0,0.0,1.0,1.0,0.0,10.0,0.0,0.95,0.95,0.95,0.0,0.0,0.0,0.0,-98.49999999999972,1151.499999999999,734.7499999999995,33.33,0.0,58.0,58.0,,,,,,,
83,0.0,1.0,1.0,1.0,1.0,1.0,0.0,0.0,1.0,0.0,1.0,1.0,1.0,0.0,1.0,1000.0,10000.0,8000.0,8000.0,8035.0,5000.0,7800.0,1851.0,76.0,0.231375,0.648625,4.093,0.1,1.0,23.650000000000002,23.0,81.0,0.0,0.0,0.0,0.0,0.0,0.0,0.0,0.0,1000.0,0.0,1000.0,1000.0,0.0,1000.0,0.0,1.0,1.0,1.0,1.0,1.0,0.0,1.0,1.0,0.0,10.0,0.0,0.95,0.95,0.95,0.0,0.0,0.0,0.0,-98.49999999999972,1151.499999999999,734.7499999999995,33.33,0.0,58.0,58.0,,,,,,,
84,0.0,1.0,1.0,1.0,1.0,1.0,0.0,0.0,1.0,0.0,1.0,1.0,1.0,0.0,1.0,1000.0,10000.0,8000.0,8000.0,8035.0,5000.0,7800.0,1851.0,76.0,0.231375,0.648625,4.093,0.1,1.0,23.650000000000002,23.0,81.0,0.0,0.0,0.0,0.0,0.0,0.0,0.0,0.0,1000.0,0.0,1000.0,1000.0,0.0,1000.0,0.0,1.0,1.0,1.0,1.0,1.0,0.0,1.0,1.0,0.0,10.0,0.0,0.95,0.95,0.95,0.0,0.0,0.0,0.0,-98.49999999999972,1151.499999999999,734.7499999999995,33.33,0.0,58.0,58.0,,,,,,,
85,0.0,1.0,1.0,1.0,1.0,1.0,0.0,0.0,1.0,0.0,1.0,1.0,1.0,0.0,1.0,1000.0,10000.0,8000.0,8000.0,8035.0,5000.0,7800.0,1851.0,76.0,0.231375,0.648625,4.093,0.1,1.0,23.650000000000002,23.0,81.0,0.0,0.0,0.0,0.0,0.0,0.0,0.0,0.0,1000.0,0.0,1000.0,1000.0,0.0,1000.0,0.0,1.0,1.0,1.0,1.0,1.0,0.0,1.0,1.0,0.0,10.0,0.0,0.95,0.95,0.95,0.0,0.0,0.0,0.0,-98.49999999999972,1151.499999999999,734.7499999999995,33.33,0.0,58.0,58.0,,,,,,,
86,0.0,1.0,1.0,1.0,1.0,1.0,0.0,0.0,1.0,0.0,1.0,1.0,1.0,0.0,1.0,1000.0,10000.0,8000.0,8000.0,8035.0,5000.0,7800.0,1851.0,76.0,0.231375,0.648625,4.093,0.1,1.0,23.650000000000002,23.0,81.0,0.0,0.0,0.0,0.0,0.0,0.0,0.0,0.0,1000.0,0.0,1000.0,1000.0,0.0,1000.0,0.0,1.0,1.0,1.0,1.0,1.0,0.0,1.0,1.0,0.0,10.0,0.0,0.95,0.95,0.95,0.0,0.0,0.0,0.0,-98.49999999999972,1151.499999999999,734.7499999999995,33.33,0.0,58.0,58.0,,,,,,,
87,0.0,1.0,1.0,1.0,1.0,1.0,0.0,0.0,1.0,0.0,1.0,1.0,1.0,0.0,1.0,1000.0,10000.0,8000.0,8000.0,8035.0,5000.0,7800.0,1851.0,76.0,0.231375,0.648625,4.093,0.1,1.0,23.650000000000002,23.0,81.0,0.0,0.0,0.0,0.0,0.0,0.0,0.0,0.0,1000.0,0.0,1000.0,1000.0,0.0,1000.0,0.0,1.0,1.0,1.0,1.0,1.0,0.0,1.0,1.0,0.0,10.0,0.0,0.95,0.95,0.95,0.0,0.0,0.0,0.0,-98.49999999999972,1151.499999999999,734.7499999999995,33.33,0.0,58.0,58.0,,,,,,,
88,0.0,1.0,1.0,1.0,1.0,1.0,0.0,0.0,1.0,0.0,1.0,1.0,1.0,0.0,1.0,1000.0,10000.0,8000.0,8000.0,8035.0,5000.0,7800.0,1851.0,76.0,0.231375,0.648625,4.093,0.1,1.0,23.650000000000002,23.0,81.0,0.0,0.0,0.0,0.0,0.0,0.0,0.0,0.0,1000.0,0.0,1000.0,1000.0,0.0,1000.0,0.0,1.0,1.0,1.0,1.0,1.0,0.0,1.0,1.0,0.0,10.0,0.0,0.95,0.95,0.95,0.0,0.0,0.0,0.0,-98.49999999999972,1151.499999999999,734.7499999999995,33.33,0.0,58.0,58.0,,,,,,,
89,0.0,1.0,1.0,1.0,1.0,1.0,0.0,0.0,1.0,0.0,1.0,1.0,1.0,0.0,1.0,1000.0,10000.0,8000.0,8000.0,8035.0,5000.0,7800.0,1851.0,76.0,0.231375,0.648625,4.093,0.1,1.0,23.650000000000002,23.0,81.0,0.0,0.0,0.0,0.0,0.0,0.0,0.0,0.0,1000.0,0.0,1000.0,1000.0,0.0,1000.0,0.0,1.0,1.0,1.0,1.0,1.0,0.0,1.0,1.0,0.0,10.0,0.0,0.95,0.95,0.95,0.0,0.0,0.0,0.0,-98.49999999999972,1151.499999999999,734.7499999999995,33.33,0.0,58.0,58.0,,,,,,,
90,0.0,1.0,1.0,1.0,1.0,1.0,0.0,0.0,1.0,0.0,1.0,1.0,1.0,0.0,1.0,1000.0,10000.0,8000.0,8000.0,8035.0,5000.0,7800.0,1851.0,76.0,0.231375,0.648625,4.093,0.1,1.0,23.650000000000002,23.0,81.0,0.0,0.0,0.0,0.0,0.0,0.0,0.0,0.0,1000.0,0.0,1000.0,1000.0,0.0,1000.0,0.0,1.0,1.0,1.0,1.0,1.0,0.0,1.0,1.0,0.0,10.0,0.0,0.95,0.95,0.95,0.0,0.0,0.0,0.0,-98.49999999999972,1151.499999999999,734.7499999999995,33.33,0.0,58.0,58.0,,,,,,,
91,0.0,1.0,1.0,1.0,1.0,1.0,0.0,0.0,1.0,0.0,1.0,1.0,1.0,0.0,1.0,1000.0,10000.0,8000.0,8000.0,8035.0,5000.0,7800.0,1851.0,76.0,0.231375,0.648625,4.093,0.1,1.0,23.650000000000002,23.0,81.0,0.0,0.0,0.0,0.0,0.0,0.0,0.0,0.0,1000.0,0.0,1000.0,1000.0,0.0,1000.0,0.0,1.0,1.0,1.0,1.0,1.0,0.0,1.0,1.0,0.0,10.0,0.0,0.95,0.95,0.95,0.0,0.0,0.0,0.0,-98.49999999999972,1151.499999999999,734.7499999999995,33.33,0.0,58.0,58.0,,,,,,,
92,0.0,1.0,1.0,1.0,1.0,1.0,0.0,0.0,1.0,0.0,1.0,1.0,1.0,0.0,1.0,1000.0,10000.0,8000.0,8000.0,8035.0,5000.0,7800.0,1851.0,76.0,0.231375,0.648625,4.093,0.1,1.0,23.650000000000002,23.0,81.0,0.0,0.0,0.0,0.0,0.0,0.0,0.0,0.0,1000.0,0.0,1000.0,1000.0,0.0,1000.0,0.0,1.0,1.0,1.0,1.0,1.0,0.0,1.0,1.0,0.0,10.0,0.0,0.95,0.95,0.95,0.0,0.0,0.0,0.0,-98.49999999999972,1151.499999999999,734.7499999999995,33.33,0.0,58.0,58.0,,,,,,,
93,0.0,1.0,1.0,1.0,1.0,1.0,0.0,0.0,1.0,0.0,1.0,1.0,1.0,0.0,1.0,1000.0,10000.0,8000.0,8000.0,8035.0,5000.0,7800.0,1851.0,76.0,0.231375,0.648625,4.093,0.1,1.0,23.650000000000002,23.0,81.0,0.0,0.0,0.0,0.0,0.0,0.0,0.0,0.0,1000.0,0.0,1000.0,1000.0,0.0,1000.0,0.0,1.0,1.0,1.0,1.0,1.0,0.0,1.0,1.0,0.0,10.0,0.0,0.95,0.95,0.95,0.0,0.0,0.0,0.0,-98.49999999999972,1151.499999999999,734.7499999999995,33.33,0.0,58.0,58.0,,,,,,,
94,0.0,1.0,1.0,1.0,1.0,1.0,0.0,0.0,1.0,0.0,1.0,1.0,1.0,0.0,1.0,1000.0,10000.0,8000.0,8000.0,8035.0,5000.0,7800.0,1851.0,76.0,0.231375,0.648625,4.093,0.1,1.0,23.650000000000002,23.0,81.01,0.0,0.0,0.0,0.0,0.0,0.0,0.0,0.0,1000.0,0.0,1000.0,1000.0,0.0,1000.0,0.0,1.0,1.0,1.0,1.0,1.0,0.0,1.0,1.0,0.0,10.0,0.0,0.95,0.95,0.95,0.0,0.0,0.0,0.0,-98.49999999999972,1151.499999999999,734.7499999999995,33.33,0.0,58.0,58.0,,,,,,,
95,0.0,1.0,1.0,1.0,1.0,1.0,0.0,0.0,1.0,0.0,1.0,1.0,1.0,0.0,1.0,1000.0,10000.0,8000.0,8000.0,8035.0,5000.0,7800.0,1851.0,76.0,0.231375,0.648625,4.093,0.1,1.0,23.650000000000002,23.0,81.01,0.0,0.0,0.0,0.0,0.0,0.0,0.0,0.0,1000.0,0.0,1000.0,1000.0,0.0,1000.0,0.0,1.0,1.0,1.0,1.0,1.0,0.0,1.0,1.0,0.0,10.0,0.0,0.95,0.95,0.95,0.0,0.0,0.0,0.0,-98.49999999999972,1151.499999999999,734.7499999999995,33.33,0.0,58.0,58.0,,,,,,,
96,0.0,1.0,1.0,1.0,1.0,1.0,0.0,0.0,1.0,0.0,1.0,1.0,1.0,0.0,1.0,1000.0,10000.0,8000.0,8000.0,8035.0,5000.0,7800.0,1851.0,76.0,0.231375,0.648625,4.093,0.1,1.0,23.650000000000002,23.0,81.0,0.0,0.0,0.0,0.0,0.0,0.0,0.0,0.0,1000.0,0.0,1000.0,1000.0,0.0,1000.0,0.0,1.0,1.0,1.0,1.0,1.0,0.0,1.0,1.0,0.0,10.0,0.0,0.95,0.95,0.95,0.0,0.0,0.0,0.0,-98.49999999999972,1151.499999999999,734.7499999999995,33.33,0.0,58.0,58.0,,,,,,,
97,0.0,1.0,1.0,1.0,1.0,1.0,0.0,0.0,1.0,0.0,1.0,1.0,1.0,0.0,1.0,1000.0,10000.0,8000.0,8000.0,8035.0,5000.0,7800.0,1851.0,76.0,0.231375,0.648625,4.093,0.1,1.0,23.650000000000002,23.0,81.0,0.0,0.0,0.0,0.0,0.0,0.0,0.0,0.0,1000.0,0.0,1000.0,1000.0,0.0,1000.0,0.0,1.0,1.0,1.0,1.0,1.0,0.0,1.0,1.0,0.0,10.0,0.0,0.95,0.95,0.95,0.0,0.0,0.0,0.0,-98.49999999999972,1151.499999999999,734.7499999999995,33.33,0.0,58.0,58.0,,,,,,,
98,0.0,1.0,1.0,1.0,1.0,1.0,0.0,0.0,1.0,0.0,1.0,1.0,1.0,0.0,1.0,1000.0,10000.0,8000.0,8000.0,8035.0,5000.0,7800.0,1851.0,76.0,0.231375,0.648625,4.093,0.1,1.0,23.650000000000002,23.0,81.08000000000001,0.0,0.0,0.0,0.0,0.0,0.0,0.0,0.0,1000.0,0.0,1000.0,1000.0,0.0,1000.0,0.0,1.0,1.0,1.0,1.0,1.0,0.0,1.0,1.0,0.0,10.0,0.0,0.95,0.95,0.95,0.0,0.0,0.0,0.0,-98.49999999999972,1151.499999999999,734.7499999999995,33.33,0.0,58.0,58.0,,,,,,,
99,0.0,1.0,1.0,1.0,1.0,1.0,0.0,0.0,1.0,0.0,1.0,1.0,1.0,0.0,1.0,1000.0,10000.0,8000.0,8000.0,8035.0,5000.0,7800.0,1851.0,76.0,0.231375,0.648625,4.093,0.1,1.0,23.650000000000002,23.0,81.08000000000001,0.0,0.0,0.0,0.0,0.0,0.0,0.0,0.0,1000.0,0.0,1000.0,1000.0,0.0,1000.0,0.0,1.0,1.0,1.0,1.0,1.0,0.0,1.0,1.0,0.0,10.0,0.0,0.95,0.95,0.95,0.0,0.0,0.0,0.0,-98.49999999999972,1151.499999999999,734.7499999999995,33.33,0.0,58.0,58.0,,,,,,,
100,0.0,1.0,1.0,1.0,1.0,1.0,0.0,0.0,1.0,0.0,1.0,1.0,1.0,0.0,1.0,1000.0,10000.0,8000.0,8000.0,8035.0,5000.0,7800.0,1851.0,76.0,0.231375,0.648625,4.093,0.1,1.0,23.650000000000002,23.0,81.0,0.0,0.0,0.0,0.0,0.0,0.0,0.0,0.0,1000.0,0.0,1000.0,1000.0,0.0,1000.0,0.0,1.0,1.0,1.0,1.0,1.0,0.0,1.0,1.0,0.0,10.0,0.0,0.95,0.95,0.95,0.0,0.0,0.0,0.0,-98.49999999999972,1151.499999999999,734.7499999999995,33.33,0.0,58.0,58.0,,,,,,,
101,0.0,1.0,1.0,1.0,1.0,1.0,0.0,0.0,1.0,0.0,1.0,1.0,1.0,0.0,1.0,1000.0,10000.0,8000.0,8000.0,8035.0,5000.0,7800.0,1851.0,76.0,0.231375,0.648625,4.093,0.1,1.0,23.650000000000002,23.0,81.0,0.0,0.0,0.0,0.0,0.0,0.0,0.0,0.0,1000.0,0.0,1000.0,1000.0,0.0,1000.0,0.0,1.0,1.0,1.0,1.0,1.0,0.0,1.0,1.0,0.0,10.0,0.0,0.95,0.95,0.95,0.0,0.0,0.0,0.0,-98.49999999999972,1151.499999999999,734.7499999999995,33.33,0.0,58.0,58.0,,,,,,,
102,0.0,1.0,1.0,1.0,1.0,1.0,0.0,0.0,1.0,0.0,1.0,1.0,1.0,0.0,1.0,1000.0,10000.0,8000.0,8000.0,8035.0,5000.0,7800.0,1851.0,76.0,0.231375,0.648625,4.093,0.1,1.0,23.650000000000002,23.0,81.07,0.0,0.0,0.0,0.0,0.0,0.0,0.0,0.0,1000.0,0.0,1000.0,1000.0,0.0,1000.0,0.0,1.0,1.0,1.0,1.0,1.0,0.0,1.0,1.0,0.0,10.0,0.0,0.95,0.95,0.95,0.0,0.0,0.0,0.0,-98.49999999999972,1151.499999999999,734.7499999999995,33.33,0.0,58.0,58.0,,,,,,,
103,0.0,1.0,1.0,1.0,1.0,1.0,0.0,0.0,1.0,0.0,1.0,1.0,1.0,0.0,1.0,1000.0,10000.0,8000.0,8000.0,8035.0,5000.0,7800.0,1851.0,76.0,0.231375,0.648625,4.093,0.1,1.0,23.650000000000002,23.0,81.07,0.0,0.0,0.0,0.0,0.0,0.0,0.0,0.0,1000.0,0.0,1000.0,1000.0,0.0,1000.0,0.0,1.0,1.0,1.0,1.0,1.0,0.0,1.0,1.0,0.0,10.0,0.0,0.95,0.95,0.95,0.0,0.0,0.0,0.0,-98.49999999999972,1151.499999999999,734.7499999999995,33.33,0.0,58.0,58.0,,,,,,,
104,0.0,1.0,1.0,1.0,1.0,1.0,0.0,0.0,1.0,0.0,1.0,1.0,1.0,0.0,1.0,1000.0,10000.0,8000.0,8000.0,8035.0,5000.0,7800.0,1851.0,76.0,0.231375,0.648625,4.093,0.1,1.0,23.650000000000002,23.0,81.0,0.0,0.0,0.0,0.0,0.0,0.0,0.0,0.0,1000.0,0.0,1000.0,1000.0,0.0,1000.0,0.0,1.0,1.0,1.0,1.0,1.0,0.0,1.0,1.0,0.0,10.0,0.0,0.95,0.95,0.95,0.0,0.0,0.0,0.0,-98.49999999999972,1151.499999999999,734.7499999999995,33.33,0.0,58.0,58.0,,,,,,,
105,0.0,1.0,1.0,1.0,1.0,1.0,0.0,0.0,1.0,0.0,1.0,1.0,1.0,0.0,1.0,1000.0,10000.0,8000.0,8000.0,8035.0,5000.0,7800.0,1851.0,76.0,0.231375,0.648625,4.093,0.1,1.0,23.650000000000002,23.0,81.0,0.0,0.0,0.0,0.0,0.0,0.0,0.0,0.0,1000.0,0.0,1000.0,1000.0,0.0,1000.0,0.0,1.0,1.0,1.0,1.0,1.0,0.0,1.0,1.0,0.0,10.0,0.0,0.95,0.95,0.95,0.0,0.0,0.0,0.0,-98.49999999999972,1151.499999999999,734.7499999999995,33.33,0.0,58.0,58.0,,,,,,,
106,0.0,1.0,1.0,1.0,1.0,1.0,0.0,0.0,1.0,0.0,1.0,1.0,1.0,0.0,1.0,1000.0,10000.0,8000.0,8000.0,8035.0,5000.0,7800.0,1851.0,76.0,0.231375,0.648625,4.093,0.1,1.0,23.650000000000002,23.0,81.0,0.0,0.0,0.0,0.0,0.0,0.0,0.0,0.0,1000.0,0.0,1000.0,1000.0,0.0,1000.0,0.0,1.0,1.0,1.0,1.0,1.0,0.0,1.0,1.0,0.0,10.0,0.0,0.95,0.95,0.95,0.0,0.0,0.0,0.0,-98.49999999999972,1151.499999999999,734.7499999999995,33.33,0.0,58.0,58.0,,,,,,,
107,0.0,1.0,1.0,1.0,1.0,1.0,0.0,0.0,1.0,0.0,1.0,1.0,1.0,0.0,1.0,1000.0,10000.0,8000.0,8000.0,8035.0,5000.0,7800.0,1851.0,76.0,0.231375,0.648625,4.093,0.1,1.0,23.650000000000002,23.0,81.0,0.0,0.0,0.0,0.0,0.0,0.0,0.0,0.0,1000.0,0.0,1000.0,1000.0,0.0,1000.0,0.0,1.0,1.0,1.0,1.0,1.0,0.0,1.0,1.0,0.0,10.0,0.0,0.95,0.95,0.95,0.0,0.0,0.0,0.0,-98.49999999999972,1151.499999999999,734.7499999999995,33.33,0.0,58.0,58.0,,,,,,,
108,0.0,1.0,1.0,1.0,1.0,1.0,0.0,0.0,1.0,0.0,1.0,1.0,1.0,0.0,1.0,1000.0,10000.0,8000.0,8000.0,8035.0,5000.0,7800.0,1851.0,76.0,0.231375,0.648625,4.093,0.1,1.0,23.650000000000002,23.0,81.0,0.0,0.0,0.0,0.0,0.0,0.0,0.0,0.0,1000.0,0.0,1000.0,1000.0,0.0,1000.0,0.0,1.0,1.0,1.0,1.0,1.0,0.0,1.0,1.0,0.0,10.0,0.0,0.95,0.95,0.95,0.0,0.0,0.0,0.0,-98.49999999999972,1151.499999999999,734.7499999999995,33.33,0.0,58.0,58.0,,,,,,,
109,0.0,1.0,1.0,1.0,1.0,1.0,0.0,0.0,1.0,0.0,1.0,1.0,1.0,0.0,1.0,1000.0,10000.0,8000.0,8000.0,8035.0,5000.0,7800.0,1851.0,76.0,0.231375,0.648625,4.093,0.1,1.0,23.650000000000002,23.0,81.0,0.0,0.0,0.0,0.0,0.0,0.0,0.0,0.0,1000.0,0.0,1000.0,1000.0,0.0,1000.0,0.0,1.0,1.0,1.0,1.0,1.0,0.0,1.0,1.0,0.0,10.0,0.0,0.95,0.95,0.95,0.0,0.0,0.0,0.0,-98.49999999999972,1151.499999999999,734.7499999999995,33.33,0.0,58.0,58.0,,,,,,,
110,0.0,1.0,1.0,1.0,1.0,1.0,0.0,0.0,1.0,0.0,1.0,1.0,1.0,0.0,1.0,1000.0,10000.0,8000.0,8000.0,8035.0,5000.0,7800.0,1851.0,76.0,0.231375,0.648625,4.093,0.1,1.0,23.650000000000002,23.0,81.0,0.0,0.0,0.0,0.0,0.0,0.0,0.0,0.0,1000.0,0.0,1000.0,1000.0,0.0,1000.0,0.0,1.0,1.0,1.0,1.0,1.0,0.0,1.0,1.0,0.0,10.0,0.0,0.95,0.95,0.95,0.0,0.0,0.0,0.0,-98.49999999999972,1151.499999999999,734.7499999999995,33.33,0.0,58.0,58.0,,,,,,,
111,0.0,1.0,1.0,1.0,1.0,1.0,0.0,0.0,1.0,0.0,1.0,1.0,1.0,0.0,1.0,1000.0,10000.0,8000.0,8000.0,8035.0,5000.0,7800.0,1851.0,76.0,0.231375,0.648625,4.093,0.1,1.0,23.650000000000002,23.0,81.0,0.0,0.0,0.0,0.0,0.0,0.0,0.0,0.0,1000.0,0.0,1000.0,1000.0,0.0,1000.0,0.0,1.0,1.0,1.0,1.0,1.0,0.0,1.0,1.0,0.0,10.0,0.0,0.95,0.95,0.95,0.0,0.0,0.0,0.0,-98.49999999999972,1151.499999999999,734.7499999999995,33.33,0.0,58.0,58.0,,,,,,,
112,0.0,1.0,1.0,1.0,1.0,1.0,0.0,0.0,1.0,0.0,1.0,1.0,1.0,0.0,1.0,1000.0,10000.0,8000.0,8000.0,8035.0,5000.0,7800.0,1851.0,76.0,0.231375,0.648625,4.093,0.1,1.0,23.650000000000002,23.0,81.0,0.0,0.0,0.0,0.0,0.0,0.0,0.0,0.0,1000.0,0.0,1000.0,1000.0,0.0,1000.0,0.0,1.0,1.0,1.0,1.0,1.0,0.0,1.0,1.0,0.0,10.0,0.0,0.95,0.95,0.95,0.0,0.0,0.0,0.0,-98.49999999999972,1151.499999999999,734.7499999999995,33.33,0.0,58.0,58.0,,,,,,,
113,0.0,1.0,1.0,1.0,1.0,1.0,0.0,0.0,1.0,0.0,1.0,1.0,1.0,0.0,1.0,1000.0,10000.0,8000.0,8000.0,8035.0,5000.0,7800.0,1851.0,76.0,0.231375,0.648625,4.093,0.1,1.0,23.650000000000002,23.0,81.0,0.0,0.0,0.0,0.0,0.0,0.0,0.0,0.0,1000.0,0.0,1000.0,1000.0,0.0,1000.0,0.0,1.0,1.0,1.0,1.0,1.0,0.0,1.0,1.0,0.0,10.0,0.0,0.95,0.95,0.95,0.0,0.0,0.0,0.0,-98.49999999999972,1151.499999999999,734.7499999999995,33.33,0.0,58.0,58.0,,,,,,,
114,0.0,1.0,1.0,1.0,1.0,1.0,0.0,0.0,1.0,0.0,1.0,1.0,1.0,0.0,1.0,1000.0,10000.0,8000.0,8000.0,8036.0,5000.0,7800.0,1851.0,76.0,0.231375,0.648625,4.093,0.1,1.0,23.650000000000002,23.0,81.0,0.0,0.0,0.0,0.0,0.0,0.0,0.0,0.0,1000.0,0.0,1000.0,1000.0,0.0,1000.0,0.0,1.0,1.0,1.0,1.0,1.0,0.0,1.0,1.0,0.0,10.0,0.0,0.95,0.95,0.95,0.0,0.0,0.0,0.0,-98.49999999999972,1151.499999999999,734.7499999999995,33.33,0.0,58.0,58.0,,,,,,,
115,0.0,1.0,1.0,1.0,1.0,1.0,0.0,0.0,1.0,0.0,1.0,1.0,1.0,0.0,1.0,1000.0,10000.0,8000.0,8000.0,8036.0,5000.0,7800.0,1851.0,76.0,0.231375,0.648625,4.093,0.1,1.0,23.650000000000002,23.0,81.0,0.0,0.0,0.0,0.0,0.0,0.0,0.0,0.0,1000.0,0.0,1000.0,1000.0,0.0,1000.0,0.0,1.0,1.0,1.0,1.0,1.0,0.0,1.0,1.0,0.0,10.0,0.0,0.95,0.95,0.95,0.0,0.0,0.0,0.0,-98.49999999999972,1151.499999999999,734.7499999999995,33.33,0.0,58.0,58.0,,,,,,,
116,0.0,1.0,1.0,1.0,1.0,1.0,0.0,0.0,1.0,0.0,1.0,1.0,1.0,0.0,1.0,1000.0,10000.0,8000.0,8000.0,8036.0,5000.0,7800.0,1851.0,76.0,0.231375,0.648625,4.093,0.1,1.0,23.650000000000002,23.0,81.0,0.0,0.0,0.0,0.0,0.0,0.0,0.0,0.0,1000.0,0.0,1000.0,1000.0,0.0,1000.0,0.0,1.0,1.0,1.0,1.0,1.0,0.0,1.0,1.0,0.0,10.0,0.0,0.95,0.95,0.95,0.0,0.0,0.0,0.0,-98.49999999999972,1151.499999999999,734.7499999999995,33.33,0.0,58.0,58.0,,,,,,,
117,0.0,1.0,1.0,1.0,1.0,1.0,0.0,0.0,1.0,0.0,1.0,1.0,1.0,0.0,1.0,1000.0,10000.0,8000.0,8000.0,8036.0,5000.0,7800.0,1851.0,76.0,0.231375,0.648625,4.093,0.1,1.0,23.650000000000002,23.0,81.0,0.0,0.0,0.0,0.0,0.0,0.0,0.0,0.0,1000.0,0.0,1000.0,1000.0,0.0,1000.0,0.0,1.0,1.0,1.0,1.0,1.0,0.0,1.0,1.0,0.0,10.0,0.0,0.95,0.95,0.95,0.0,0.0,0.0,0.0,-98.49999999999972,1151.499999999999,734.7499999999995,33.33,0.0,58.0,58.0,,,,,,,
118,0.0,1.0,1.0,1.0,1.0,1.0,0.0,0.0,1.0,0.0,1.0,1.0,1.0,0.0,1.0,1000.0,10000.0,8000.0,8000.0,8036.0,5000.0,7800.0,1851.0,76.0,0.231375,0.648625,4.093,0.1,1.0,23.650000000000002,23.0,81.0,0.0,0.0,0.0,0.0,0.0,0.0,0.0,0.0,1000.0,0.0,1000.0,1000.0,0.0,1000.0,0.0,1.0,1.0,1.0,1.0,1.0,0.0,1.0,1.0,0.0,10.0,0.0,0.95,0.95,0.95,0.0,0.0,0.0,0.0,-98.49999999999972,1151.499999999999,734.7499999999995,33.33,0.0,58.0,58.0,,,,,,,
119,0.0,1.0,1.0,1.0,1.0,1.0,0.0,0.0,1.0,0.0,1.0,1.0,1.0,0.0,1.0,1000.0,10000.0,8000.0,8000.0,8036.0,5000.0,7800.0,1851.0,76.0,0.231375,0.648625,4.093,0.1,1.0,23.650000000000002,23.0,81.0,0.0,0.0,0.0,0.0,0.0,0.0,0.0,0.0,1000.0,0.0,1000.0,1000.0,0.0,1000.0,0.0,1.0,1.0,1.0,1.0,1.0,0.0,1.0,1.0,0.0,10.0,0.0,0.95,0.95,0.95,0.0,0.0,0.0,0.0,-98.49999999999972,1151.499999999999,734.7499999999995,33.33,0.0,58.0,58.0,,,,,,,
120,0.0,1.0,1.0,1.0,1.0,1.0,0.0,0.0,1.0,0.0,1.0,1.0,1.0,0.0,1.0,1000.0,10000.0,8000.0,8000.0,8036.0,5000.0,7800.0,1851.0,76.0,0.231375,0.648625,4.093,0.1,1.0,23.650000000000002,23.0,81.0,0.0,0.0,0.0,0.0,0.0,0.0,0.0,0.0,1000.0,0.0,1000.0,1000.0,0.0,1000.0,0.0,1.0,1.0,1.0,1.0,1.0,0.0,1.0,1.0,0.0,10.0,0.0,0.95,0.95,0.95,0.0,0.0,0.0,0.0,-98.49999999999972,1151.499999999999,734.7499999999995,33.33,0.0,58.0,58.0,,,,,,,
121,0.0,1.0,1.0,1.0,1.0,1.0,0.0,0.0,1.0,0.0,1.0,1.0,1.0,0.0,1.0,1000.0,10000.0,8000.0,8000.0,8036.0,5000.0,7800.0,1851.0,76.0,0.231375,0.648625,4.093,0.1,1.0,23.650000000000002,23.0,81.0,0.0,0.0,0.0,0.0,0.0,0.0,0.0,0.0,1000.0,0.0,1000.0,1000.0,0.0,1000.0,0.0,1.0,1.0,1.0,1.0,1.0,0.0,1.0,1.0,0.0,10.0,0.0,0.95,0.95,0.95,0.0,0.0,0.0,0.0,-98.49999999999972,1151.499999999999,734.7499999999995,33.33,0.0,58.0,58.0,,,,,,,
122,0.0,1.0,1.0,1.0,1.0,1.0,0.0,0.0,1.0,0.0,1.0,1.0,1.0,0.0,1.0,1000.0,10000.0,8000.0,8000.0,8036.0,5000.0,7800.0,1851.0,76.0,0.231375,0.648625,4.093,0.1,1.0,23.650000000000002,23.0,81.0,0.0,0.0,0.0,0.0,0.0,0.0,0.0,0.0,1000.0,0.0,1000.0,1000.0,0.0,1000.0,0.0,1.0,1.0,1.0,1.0,1.0,0.0,1.0,1.0,0.0,10.0,0.0,0.95,0.95,0.95,0.0,0.0,0.0,0.0,-98.49999999999972,1151.499999999999,734.7499999999995,33.33,0.0,58.0,58.0,,,,,,,
123,0.0,1.0,1.0,1.0,1.0,1.0,0.0,0.0,1.0,0.0,1.0,1.0,1.0,0.0,1.0,1000.0,10000.0,8000.0,8000.0,8036.0,5000.0,7800.0,1851.0,76.0,0.231375,0.648625,4.093,0.1,1.0,23.650000000000002,23.0,81.0,0.0,0.0,0.0,0.0,0.0,0.0,0.0,0.0,1000.0,0.0,1000.0,1000.0,0.0,1000.0,0.0,1.0,1.0,1.0,1.0,1.0,0.0,1.0,1.0,0.0,10.0,0.0,0.95,0.95,0.95,0.0,0.0,0.0,0.0,-98.49999999999972,1151.499999999999,734.7499999999995,33.33,0.0,58.0,58.0,,,,,,,
124,0.0,1.0,1.0,1.0,1.0,1.0,0.0,0.0,1.0,0.0,1.0,1.0,1.0,0.0,1.0,1000.0,10000.0,8000.0,8000.0,8036.0,5000.0,7800.0,1851.0,76.0,0.231375,0.648625,4.093,0.1,1.0,23.650000000000002,23.0,81.0,0.0,0.0,0.0,0.0,0.0,0.0,0.0,0.0,1000.0,0.0,1000.0,1000.0,0.0,1000.0,0.0,1.0,1.0,1.0,1.0,1.0,0.0,1.0,1.0,0.0,10.0,0.0,0.95,0.95,0.95,0.0,0.0,0.0,0.0,-98.49999999999972,1151.499999999999,734.7499999999995,33.33,0.0,58.0,58.0,,,,,,,
125,0.0,1.0,1.0,1.0,1.0,1.0,0.0,0.0,1.0,0.0,1.0,1.0,1.0,0.0,1.0,1000.0,10000.0,8000.0,8000.0,8036.0,5000.0,7800.0,1851.0,76.0,0.231375,0.648625,4.093,0.1,1.0,23.650000000000002,23.0,81.0,0.0,0.0,0.0,0.0,0.0,0.0,0.0,0.0,1000.0,0.0,1000.0,1000.0,0.0,1000.0,0.0,1.0,1.0,1.0,1.0,1.0,0.0,1.0,1.0,0.0,10.0,0.0,0.95,0.95,0.95,0.0,0.0,0.0,0.0,-98.49999999999972,1151.499999999999,734.7499999999995,33.33,0.0,58.0,58.0,,,,,,,
126,0.0,1.0,1.0,1.0,1.0,1.0,0.0,0.0,1.0,0.0,1.0,1.0,1.0,0.0,1.0,1000.0,10000.0,8000.0,8000.0,8036.0,5000.0,7800.0,1851.0,76.0,0.231375,0.648625,4.093,0.1,1.0,23.650000000000002,23.0,81.0,0.0,0.0,0.0,0.0,0.0,0.0,0.0,0.0,1000.0,0.0,1000.0,1000.0,0.0,1000.0,0.0,1.0,1.0,1.0,1.0,1.0,0.0,1.0,1.0,0.0,10.0,0.0,0.95,0.95,0.95,0.0,0.0,0.0,0.0,-98.49999999999972,1151.499999999999,734.7499999999995,33.33,0.0,58.0,58.0,,,,,,,
127,0.0,1.0,1.0,1.0,1.0,1.0,0.0,0.0,1.0,0.0,1.0,1.0,1.0,0.0,1.0,1000.0,10000.0,8000.0,8000.0,8036.0,5000.0,7800.0,1851.0,76.0,0.231375,0.648625,4.093,0.1,1.0,23.650000000000002,23.0,81.0,0.0,0.0,0.0,0.0,0.0,0.0,0.0,0.0,1000.0,0.0,1000.0,1000.0,0.0,1000.0,0.0,1.0,1.0,1.0,1.0,1.0,0.0,1.0,1.0,0.0,10.0,0.0,0.95,0.95,0.95,0.0,0.0,0.0,0.0,-98.49999999999972,1151.499999999999,734.7499999999995,33.33,0.0,58.0,58.0,,,,,,,
128,0.0,1.0,1.0,1.0,1.0,1.0,0.0,0.0,1.0,0.0,1.0,1.0,1.0,0.0,1.0,1000.0,10000.0,8000.0,8000.0,8035.0,5000.0,7800.0,1851.0,76.0,0.231375,0.648625,4.093,0.1,1.0,23.650000000000002,23.0,81.0,0.0,0.0,0.0,0.0,0.0,0.0,0.0,0.0,1000.0,0.0,1000.0,1000.0,0.0,1000.0,0.0,1.0,1.0,1.0,1.0,1.0,0.0,1.0,1.0,0.0,10.0,0.0,0.95,0.95,0.95,0.0,0.0,0.0,0.0,-98.49999999999972,1151.499999999999,734.7499999999995,33.33,0.0,58.0,58.0,,,,,,,
129,0.0,1.0,1.0,1.0,1.0,1.0,0.0,0.0,1.0,0.0,1.0,1.0,1.0,0.0,1.0,1000.0,10000.0,8000.0,8000.0,8035.0,5000.0,7800.0,1851.0,76.0,0.231375,0.648625,4.093,0.1,1.0,23.650000000000002,23.0,81.0,0.0,0.0,0.0,0.0,0.0,0.0,0.0,0.0,1000.0,0.0,1000.0,1000.0,0.0,1000.0,0.0,1.0,1.0,1.0,1.0,1.0,0.0,1.0,1.0,0.0,10.0,0.0,0.95,0.95,0.95,0.0,0.0,0.0,0.0,-98.49999999999972,1151.499999999999,734.7499999999995,33.33,0.0,58.0,58.0,,,,,,,
130,0.0,1.0,1.0,1.0,1.0,1.0,0.0,0.0,1.0,0.0,1.0,1.0,1.0,0.0,1.0,1000.0,10000.0,8000.0,8000.0,8035.0,5000.0,7800.0,1851.0,76.0,0.231375,0.648625,4.093,0.1,1.0,23.650000000000002,23.0,81.07,0.0,0.0,0.0,0.0,0.0,0.0,0.0,0.0,1000.0,0.0,1000.0,1000.0,0.0,1000.0,0.0,1.0,1.0,1.0,1.0,1.0,0.0,1.0,1.0,0.0,10.0,0.0,0.95,0.95,0.95,0.0,0.0,0.0,0.0,-98.49999999999972,1151.499999999999,734.7499999999995,33.33,0.0,58.0,58.0,,,,,,,
131,0.0,1.0,1.0,1.0,1.0,1.0,0.0,0.0,1.0,0.0,1.0,1.0,1.0,0.0,1.0,1000.0,10000.0,8000.0,8000.0,8035.0,5000.0,7800.0,1851.0,76.0,0.231375,0.648625,4.093,0.1,1.0,23.650000000000002,23.0,81.07,0.0,0.0,0.0,0.0,0.0,0.0,0.0,0.0,1000.0,0.0,1000.0,1000.0,0.0,1000.0,0.0,1.0,1.0,1.0,1.0,1.0,0.0,1.0,1.0,0.0,10.0,0.0,0.95,0.95,0.95,0.0,0.0,0.0,0.0,-98.49999999999972,1151.499999999999,734.7499999999995,33.33,0.0,58.0,58.0,,,,,,,
132,0.0,1.0,1.0,1.0,1.0,1.0,0.0,0.0,1.0,0.0,1.0,1.0,1.0,0.0,1.0,1000.0,10000.0,8000.0,8000.0,8035.0,5000.0,7800.0,1851.0,76.0,0.231375,0.648625,4.093,0.1,1.0,23.650000000000002,23.0,81.0,0.0,0.0,0.0,0.0,0.0,0.0,0.0,0.0,1000.0,0.0,1000.0,1000.0,0.0,1000.0,0.0,1.0,1.0,1.0,1.0,1.0,0.0,1.0,1.0,0.0,10.0,0.0,0.95,0.95,0.95,0.0,0.0,0.0,0.0,-98.49999999999972,1151.499999999999,734.7499999999995,33.33,0.0,58.0,58.0,,,,,,,
133,0.0,1.0,1.0,1.0,1.0,1.0,0.0,0.0,1.0,0.0,1.0,1.0,1.0,0.0,1.0,1000.0,10000.0,8000.0,8000.0,8035.0,5000.0,7800.0,1851.0,76.0,0.231375,0.648625,4.093,0.1,1.0,23.650000000000002,23.0,81.0,0.0,0.0,0.0,0.0,0.0,0.0,0.0,0.0,1000.0,0.0,1000.0,1000.0,0.0,1000.0,0.0,1.0,1.0,1.0,1.0,1.0,0.0,1.0,1.0,0.0,10.0,0.0,0.95,0.95,0.95,0.0,0.0,0.0,0.0,-98.49999999999972,1151.499999999999,734.7499999999995,33.33,0.0,58.0,58.0,,,,,,,
134,0.0,1.0,1.0,1.0,1.0,1.0,0.0,0.0,1.0,0.0,1.0,1.0,1.0,0.0,1.0,1000.0,10000.0,8000.0,8000.0,8035.0,5000.0,7800.0,1851.0,76.0,0.231375,0.648625,4.093,0.1,1.0,23.650000000000002,23.0,81.0,0.0,0.0,0.0,0.0,0.0,0.0,0.0,0.0,1000.0,0.0,1000.0,1000.0,0.0,1000.0,0.0,1.0,1.0,1.0,1.0,1.0,0.0,1.0,1.0,0.0,10.0,0.0,0.95,0.95,0.95,0.0,0.0,0.0,0.0,-98.49999999999972,1151.499999999999,734.7499999999995,33.33,0.0,58.0,58.0,,,,,,,
135,0.0,1.0,1.0,1.0,1.0,1.0,0.0,0.0,1.0,0.0,1.0,1.0,1.0,0.0,1.0,1000.0,10000.0,8000.0,8000.0,8035.0,5000.0,7800.0,1851.0,76.0,0.231375,0.648625,4.093,0.1,1.0,23.650000000000002,23.0,81.0,0.0,0.0,0.0,0.0,0.0,0.0,0.0,0.0,1000.0,0.0,1000.0,1000.0,0.0,1000.0,0.0,1.0,1.0,1.0,1.0,1.0,0.0,1.0,1.0,0.0,10.0,0.0,0.95,0.95,0.95,0.0,0.0,0.0,0.0,-98.49999999999972,1151.499999999999,734.7499999999995,33.33,0.0,58.0,58.0,,,,,,,
136,0.0,1.0,1.0,1.0,1.0,1.0,0.0,0.0,1.0,0.0,1.0,1.0,1.0,0.0,1.0,1000.0,10000.0,8000.0,8000.0,8035.0,5000.0,7800.0,1851.0,76.0,0.231375,0.648625,4.093,0.1,1.0,23.650000000000002,23.0,81.0,0.0,0.0,0.0,0.0,0.0,0.0,0.0,0.0,1000.0,0.0,1000.0,1000.0,0.0,1000.0,0.0,1.0,1.0,1.0,1.0,1.0,0.0,1.0,1.0,0.0,10.0,0.0,0.95,0.95,0.95,0.0,0.0,0.0,0.0,-98.49999999999972,1151.499999999999,734.7499999999995,33.33,0.0,58.0,58.0,,,,,,,
137,0.0,1.0,1.0,1.0,1.0,1.0,0.0,0.0,1.0,0.0,1.0,1.0,1.0,0.0,1.0,1000.0,10000.0,8000.0,8000.0,8035.0,5000.0,7800.0,1851.0,76.0,0.231375,0.648625,4.093,0.1,1.0,23.650000000000002,23.0,81.0,0.0,0.0,0.0,0.0,0.0,0.0,0.0,0.0,1000.0,0.0,1000.0,1000.0,0.0,1000.0,0.0,1.0,1.0,1.0,1.0,1.0,0.0,1.0,1.0,0.0,10.0,0.0,0.95,0.95,0.95,0.0,0.0,0.0,0.0,-98.49999999999972,1151.499999999999,734.7499999999995,33.33,0.0,58.0,58.0,,,,,,,
138,0.0,1.0,1.0,1.0,1.0,1.0,0.0,0.0,1.0,0.0,1.0,1.0,1.0,0.0,1.0,1000.0,10000.0,8000.0,8000.0,8035.0,5000.0,7800.0,1851.0,76.0,0.231375,0.648625,4.093,0.1,1.0,23.650000000000002,23.0,81.0,0.0,0.0,0.0,0.0,0.0,0.0,0.0,0.0,1000.0,0.0,1000.0,1000.0,0.0,1000.0,0.0,1.0,1.0,1.0,1.0,1.0,0.0,1.0,1.0,0.0,10.0,0.0,0.95,0.95,0.95,0.0,0.0,0.0,0.0,-98.49999999999972,1151.499999999999,734.7499999999995,33.33,0.0,58.0,58.0,,,,,,,
139,0.0,1.0,1.0,1.0,1.0,1.0,0.0,0.0,1.0,0.0,1.0,1.0,1.0,0.0,1.0,1000.0,10000.0,8000.0,8000.0,8035.0,5000.0,7800.0,1851.0,76.0,0.231375,0.648625,4.093,0.1,1.0,23.650000000000002,23.0,81.0,0.0,0.0,0.0,0.0,0.0,0.0,0.0,0.0,1000.0,0.0,1000.0,1000.0,0.0,1000.0,0.0,1.0,1.0,1.0,1.0,1.0,0.0,1.0,1.0,0.0,10.0,0.0,0.95,0.95,0.95,0.0,0.0,0.0,0.0,-98.49999999999972,1151.499999999999,734.7499999999995,33.33,0.0,58.0,58.0,,,,,,,
140,0.0,1.0,1.0,1.0,1.0,1.0,0.0,0.0,1.0,0.0,1.0,1.0,1.0,0.0,1.0,1000.0,10000.0,8000.0,8000.0,8035.0,5000.0,7800.0,1851.0,76.0,0.231375,0.648625,4.093,0.1,1.0,23.650000000000002,23.0,81.12,0.0,0.0,0.0,0.0,0.0,0.0,0.0,0.0,1000.0,0.0,1000.0,1000.0,0.0,1000.0,0.0,1.0,1.0,1.0,1.0,1.0,0.0,1.0,1.0,0.0,10.0,0.0,0.95,0.95,0.95,0.0,0.0,0.0,0.0,-98.49999999999972,1151.499999999999,734.7499999999995,33.33,0.0,58.0,58.0,,,,,,,
141,0.0,1.0,1.0,1.0,1.0,1.0,0.0,0.0,1.0,0.0,1.0,1.0,1.0,0.0,1.0,1000.0,10000.0,8000.0,8000.0,8035.0,5000.0,7800.0,1851.0,76.0,0.231375,0.648625,4.093,0.1,1.0,23.650000000000002,23.0,81.12,0.0,0.0,0.0,0.0,0.0,0.0,0.0,0.0,1000.0,0.0,1000.0,1000.0,0.0,1000.0,0.0,1.0,1.0,1.0,1.0,1.0,0.0,1.0,1.0,0.0,10.0,0.0,0.95,0.95,0.95,0.0,0.0,0.0,0.0,-98.49999999999972,1151.499999999999,734.7499999999995,33.33,0.0,58.0,58.0,,,,,,,
142,0.0,1.0,1.0,1.0,1.0,1.0,0.0,0.0,1.0,0.0,1.0,1.0,1.0,0.0,1.0,1000.0,10000.0,8000.0,8000.0,8035.0,5000.0,7800.0,1851.0,76.0,0.231375,0.648625,4.093,0.1,1.0,23.650000000000002,23.0,81.12,0.0,0.0,0.0,0.0,0.0,0.0,0.0,0.0,1000.0,0.0,1000.0,1000.0,0.0,1000.0,0.0,1.0,1.0,1.0,1.0,1.0,0.0,1.0,1.0,0.0,10.0,0.0,0.95,0.95,0.95,0.0,0.0,0.0,0.0,-98.49999999999972,1151.499999999999,734.7499999999995,33.33,0.0,58.0,58.0,,,,,,,
143,0.0,1.0,1.0,1.0,1.0,1.0,0.0,0.0,1.0,0.0,1.0,1.0,1.0,0.0,1.0,1000.0,10000.0,8000.0,8000.0,8035.0,5000.0,7800.0,1851.0,76.0,0.231375,0.648625,4.093,0.1,1.0,23.650000000000002,23.0,81.12,0.0,0.0,0.0,0.0,0.0,0.0,0.0,0.0,1000.0,0.0,1000.0,1000.0,0.0,1000.0,0.0,1.0,1.0,1.0,1.0,1.0,0.0,1.0,1.0,0.0,10.0,0.0,0.95,0.95,0.95,0.0,0.0,0.0,0.0,-98.49999999999972,1151.499999999999,734.7499999999995,33.33,0.0,58.0,58.0,,,,,,,
144,0.0,1.0,1.0,1.0,1.0,1.0,0.0,0.0,1.0,0.0,1.0,1.0,1.0,0.0,1.0,1000.0,10000.0,8000.0,8000.0,8035.0,5000.0,7800.0,1851.0,76.0,0.231375,0.648625,4.093,0.1,1.0,23.650000000000002,23.0,81.07,0.0,0.0,0.0,0.0,0.0,0.0,0.0,0.0,1000.0,0.0,1000.0,1000.0,0.0,1000.0,0.0,1.0,1.0,1.0,1.0,1.0,0.0,1.0,1.0,0.0,10.0,0.0,0.95,0.95,0.95,0.0,0.0,0.0,0.0,-98.49999999999972,1151.499999999999,734.7499999999995,33.33,0.0,58.0,58.0,,,,,,,
145,0.0,1.0,1.0,1.0,1.0,1.0,0.0,0.0,1.0,0.0,1.0,1.0,1.0,0.0,1.0,1000.0,10000.0,8000.0,8000.0,8035.0,5000.0,7800.0,1851.0,76.0,0.231375,0.648625,4.093,0.1,1.0,23.650000000000002,23.0,81.07,0.0,0.0,0.0,0.0,0.0,0.0,0.0,0.0,1000.0,0.0,1000.0,1000.0,0.0,1000.0,0.0,1.0,1.0,1.0,1.0,1.0,0.0,1.0,1.0,0.0,10.0,0.0,0.95,0.95,0.95,0.0,0.0,0.0,0.0,-98.49999999999972,1151.499999999999,734.7499999999995,33.33,0.0,58.0,58.0,,,,,,,
146,0.0,1.0,1.0,1.0,1.0,1.0,0.0,0.0,1.0,0.0,1.0,1.0,1.0,0.0,1.0,1000.0,10000.0,8000.0,8000.0,8035.0,5000.0,7800.0,1851.0,76.0,0.231375,0.648625,4.093,0.1,1.0,23.650000000000002,23.0,81.0,0.0,0.0,0.0,0.0,0.0,0.0,0.0,0.0,1000.0,0.0,1000.0,1000.0,0.0,1000.0,0.0,1.0,1.0,1.0,1.0,1.0,0.0,1.0,1.0,0.0,10.0,0.0,0.95,0.95,0.95,0.0,0.0,0.0,0.0,-98.49999999999972,1151.499999999999,734.7499999999995,33.33,0.0,58.0,58.0,,,,,,,
147,0.0,1.0,1.0,1.0,1.0,1.0,0.0,0.0,1.0,0.0,1.0,1.0,1.0,0.0,1.0,1000.0,10000.0,8000.0,8000.0,8035.0,5000.0,7800.0,1851.0,76.0,0.231375,0.648625,4.093,0.1,1.0,23.650000000000002,23.0,81.0,0.0,0.0,0.0,0.0,0.0,0.0,0.0,0.0,1000.0,0.0,1000.0,1000.0,0.0,1000.0,0.0,1.0,1.0,1.0,1.0,1.0,0.0,1.0,1.0,0.0,10.0,0.0,0.95,0.95,0.95,0.0,0.0,0.0,0.0,-98.49999999999972,1151.499999999999,734.7499999999995,33.33,0.0,58.0,58.0,,,,,,,
148,0.0,1.0,1.0,1.0,1.0,1.0,0.0,0.0,1.0,0.0,1.0,1.0,1.0,0.0,1.0,1000.0,10000.0,8000.0,8000.0,8035.0,5000.0,7800.0,1851.0,76.0,0.231375,0.648625,4.093,0.1,1.0,23.650000000000002,23.0,81.06,0.0,0.0,0.0,0.0,0.0,0.0,0.0,0.0,1000.0,0.0,1000.0,1000.0,0.0,1000.0,0.0,1.0,1.0,1.0,1.0,1.0,0.0,1.0,1.0,0.0,10.0,0.0,0.95,0.95,0.95,0.0,0.0,0.0,0.0,-98.49999999999972,1151.499999999999,734.7499999999995,33.33,0.0,58.0,58.0,,,,,,,
149,0.0,1.0,1.0,1.0,1.0,1.0,0.0,0.0,1.0,0.0,1.0,1.0,1.0,0.0,1.0,1000.0,10000.0,8000.0,8000.0,8035.0,5000.0,7800.0,1851.0,76.0,0.231375,0.648625,4.093,0.1,1.0,23.650000000000002,23.0,81.06,0.0,0.0,0.0,0.0,0.0,0.0,0.0,0.0,1000.0,0.0,1000.0,1000.0,0.0,1000.0,0.0,1.0,1.0,1.0,1.0,1.0,0.0,1.0,1.0,0.0,10.0,0.0,0.95,0.95,0.95,0.0,0.0,0.0,0.0,-98.49999999999972,1151.499999999999,734.7499999999995,33.33,0.0,58.0,58.0,,,,,,,
150,0.0,1.0,1.0,1.0,1.0,1.0,0.0,0.0,1.0,0.0,1.0,1.0,1.0,0.0,1.0,1000.0,10000.0,8000.0,8000.0,8035.0,5000.0,7800.0,1851.0,76.0,0.231375,0.648625,4.093,0.1,1.0,23.650000000000002,23.0,81.0,0.0,0.0,0.0,0.0,0.0,0.0,0.0,0.0,1000.0,0.0,1000.0,1000.0,0.0,1000.0,0.0,1.0,1.0,1.0,1.0,1.0,0.0,1.0,1.0,0.0,10.0,0.0,0.95,0.95,0.95,0.0,0.0,0.0,0.0,-98.49999999999972,1151.499999999999,734.7499999999995,33.33,0.0,58.0,58.0,,,,,,,
151,0.0,1.0,1.0,1.0,1.0,1.0,0.0,0.0,1.0,0.0,1.0,1.0,1.0,0.0,1.0,1000.0,10000.0,8000.0,8000.0,8035.0,5000.0,7800.0,1851.0,76.0,0.231375,0.648625,4.093,0.1,1.0,23.650000000000002,23.0,81.0,0.0,0.0,0.0,0.0,0.0,0.0,0.0,0.0,1000.0,0.0,1000.0,1000.0,0.0,1000.0,0.0,1.0,1.0,1.0,1.0,1.0,0.0,1.0,1.0,0.0,10.0,0.0,0.95,0.95,0.95,0.0,0.0,0.0,0.0,-98.49999999999972,1151.499999999999,734.7499999999995,33.33,0.0,58.0,58.0,,,,,,,
152,0.0,1.0,1.0,1.0,1.0,1.0,0.0,0.0,1.0,0.0,1.0,1.0,1.0,0.0,1.0,1000.0,10000.0,8000.0,8000.0,8035.0,5000.0,7800.0,1851.0,76.0,0.231375,0.648625,4.093,0.1,1.0,23.650000000000002,23.0,81.0,0.0,0.0,0.0,0.0,0.0,0.0,0.0,0.0,1000.0,0.0,1000.0,1000.0,0.0,1000.0,0.0,1.0,1.0,1.0,1.0,1.0,0.0,1.0,1.0,0.0,10.0,0.0,0.95,0.95,0.95,0.0,0.0,0.0,0.0,-98.49999999999972,1151.499999999999,734.7499999999995,33.33,0.0,58.0,58.0,,,,,,,
153,0.0,1.0,1.0,1.0,1.0,1.0,0.0,0.0,1.0,0.0,1.0,1.0,1.0,0.0,1.0,1000.0,10000.0,8000.0,8000.0,8035.0,5000.0,7800.0,1851.0,76.0,0.231375,0.648625,4.093,0.1,1.0,23.650000000000002,23.0,81.0,0.0,0.0,0.0,0.0,0.0,0.0,0.0,0.0,1000.0,0.0,1000.0,1000.0,0.0,1000.0,0.0,1.0,1.0,1.0,1.0,1.0,0.0,1.0,1.0,0.0,10.0,0.0,0.95,0.95,0.95,0.0,0.0,0.0,0.0,-98.49999999999972,1151.499999999999,734.7499999999995,33.33,0.0,58.0,58.0,,,,,,,
154,0.0,1.0,1.0,1.0,1.0,1.0,0.0,0.0,1.0,0.0,1.0,1.0,1.0,0.0,1.0,1000.0,10000.0,8000.0,8000.0,8035.0,5000.0,7800.0,1851.0,76.0,0.231375,0.648625,4.093,0.1,1.0,23.650000000000002,23.0,81.0,0.0,0.0,0.0,0.0,0.0,0.0,0.0,0.0,1000.0,0.0,1000.0,1000.0,0.0,1000.0,0.0,1.0,1.0,1.0,1.0,1.0,0.0,1.0,1.0,0.0,10.0,0.0,0.95,0.95,0.95,0.0,0.0,0.0,0.0,-98.49999999999972,1151.499999999999,734.7499999999995,33.33,0.0,58.0,58.0,,,,,,,
155,0.0,1.0,1.0,1.0,1.0,1.0,0.0,0.0,1.0,0.0,1.0,1.0,1.0,0.0,1.0,1000.0,10000.0,8000.0,8000.0,8035.0,5000.0,7800.0,1851.0,76.0,0.231375,0.648625,4.093,0.1,1.0,23.650000000000002,23.0,81.0,0.0,0.0,0.0,0.0,0.0,0.0,0.0,0.0,1000.0,0.0,1000.0,1000.0,0.0,1000.0,0.0,1.0,1.0,1.0,1.0,1.0,0.0,1.0,1.0,0.0,10.0,0.0,0.95,0.95,0.95,0.0,0.0,0.0,0.0,-98.49999999999972,1151.499999999999,734.7499999999995,33.33,0.0,58.0,58.0,,,,,,,
156,0.0,1.0,1.0,1.0,1.0,1.0,0.0,0.0,1.0,0.0,1.0,1.0,1.0,0.0,1.0,1000.0,10000.0,8000.0,8000.0,8035.0,5000.0,7800.0,1851.0,76.0,0.231375,0.648625,4.093,0.1,1.0,23.650000000000002,23.0,81.03,0.0,0.0,0.0,0.0,0.0,0.0,0.0,0.0,1000.0,0.0,1000.0,1000.0,0.0,1000.0,0.0,1.0,1.0,1.0,1.0,1.0,0.0,1.0,1.0,0.0,10.0,0.0,0.95,0.95,0.95,0.0,0.0,0.0,0.0,-98.49999999999972,1151.499999999999,734.7499999999995,33.33,0.0,58.0,58.0,,,,,,,
157,0.0,1.0,1.0,1.0,1.0,1.0,0.0,0.0,1.0,0.0,1.0,1.0,1.0,0.0,1.0,1000.0,10000.0,8000.0,8000.0,8035.0,5000.0,7800.0,1851.0,76.0,0.231375,0.648625,4.093,0.1,1.0,23.650000000000002,23.0,81.03,0.0,0.0,0.0,0.0,0.0,0.0,0.0,0.0,1000.0,0.0,1000.0,1000.0,0.0,1000.0,0.0,1.0,1.0,1.0,1.0,1.0,0.0,1.0,1.0,0.0,10.0,0.0,0.95,0.95,0.95,0.0,0.0,0.0,0.0,-98.49999999999972,1151.499999999999,734.7499999999995,33.33,0.0,58.0,58.0,,,,,,,
158,0.0,1.0,1.0,1.0,1.0,1.0,0.0,0.0,1.0,0.0,1.0,1.0,1.0,0.0,1.0,1000.0,10000.0,8000.0,8000.0,8035.0,5000.0,7800.0,1851.0,76.0,0.231375,0.648625,4.093,0.1,1.0,23.650000000000002,23.0,81.0,0.0,0.0,0.0,0.0,0.0,0.0,0.0,0.0,1000.0,0.0,1000.0,1000.0,0.0,1000.0,0.0,1.0,1.0,1.0,1.0,1.0,0.0,1.0,1.0,0.0,10.0,0.0,0.95,0.95,0.95,0.0,0.0,0.0,0.0,-98.49999999999972,1151.499999999999,734.7499999999995,33.33,0.0,58.0,58.0,,,,,,,
159,0.0,1.0,1.0,1.0,1.0,1.0,0.0,0.0,1.0,0.0,1.0,1.0,1.0,0.0,1.0,1000.0,10000.0,8000.0,8000.0,8035.0,5000.0,7800.0,1851.0,76.0,0.231375,0.648625,4.093,0.1,1.0,23.650000000000002,23.0,81.0,0.0,0.0,0.0,0.0,0.0,0.0,0.0,0.0,1000.0,0.0,1000.0,1000.0,0.0,1000.0,0.0,1.0,1.0,1.0,1.0,1.0,0.0,1.0,1.0,0.0,10.0,0.0,0.95,0.95,0.95,0.0,0.0,0.0,0.0,-98.49999999999972,1151.499999999999,734.7499999999995,33.33,0.0,58.0,58.0,,,,,,,
160,0.0,1.0,1.0,1.0,1.0,1.0,0.0,0.0,1.0,0.0,1.0,1.0,1.0,0.0,1.0,1000.0,10000.0,8000.0,8000.0,8035.0,5000.0,7800.0,1851.0,76.0,0.231375,0.648625,4.093,0.1,1.0,23.650000000000002,23.0,81.0,0.0,0.0,0.0,0.0,0.0,0.0,0.0,0.0,1000.0,0.0,1000.0,1000.0,0.0,1000.0,0.0,1.0,1.0,1.0,1.0,1.0,0.0,1.0,1.0,0.0,10.0,0.0,0.95,0.95,0.95,0.0,0.0,0.0,0.0,-98.49999999999972,1151.499999999999,734.7499999999995,33.33,0.0,58.0,58.0,,,,,,,
161,0.0,1.0,1.0,1.0,1.0,1.0,0.0,0.0,1.0,0.0,1.0,1.0,1.0,0.0,1.0,1000.0,10000.0,8000.0,8000.0,8035.0,5000.0,7800.0,1851.0,76.0,0.231375,0.648625,4.093,0.1,1.0,23.650000000000002,23.0,81.0,0.0,0.0,0.0,0.0,0.0,0.0,0.0,0.0,1000.0,0.0,1000.0,1000.0,0.0,1000.0,0.0,1.0,1.0,1.0,1.0,1.0,0.0,1.0,1.0,0.0,10.0,0.0,0.95,0.95,0.95,0.0,0.0,0.0,0.0,-98.49999999999972,1151.499999999999,734.7499999999995,33.33,0.0,58.0,58.0,,,,,,,
162,0.0,1.0,1.0,1.0,1.0,1.0,0.0,0.0,1.0,0.0,1.0,1.0,1.0,0.0,1.0,1000.0,10000.0,8000.0,8000.0,8035.0,5000.0,7800.0,1851.0,76.0,0.231375,0.648625,4.093,0.1,1.0,23.650000000000002,23.0,81.01,0.0,0.0,0.0,0.0,0.0,0.0,0.0,0.0,1000.0,0.0,1000.0,1000.0,0.0,1000.0,0.0,1.0,1.0,1.0,1.0,1.0,0.0,1.0,1.0,0.0,10.0,0.0,0.95,0.95,0.95,0.0,0.0,0.0,0.0,-98.49999999999972,1151.499999999999,734.7499999999995,33.33,0.0,58.0,58.0,,,,,,,
163,0.0,1.0,1.0,1.0,1.0,1.0,0.0,0.0,1.0,0.0,1.0,1.0,1.0,0.0,1.0,1000.0,10000.0,8000.0,8000.0,8035.0,5000.0,7800.0,1851.0,76.0,0.231375,0.648625,4.093,0.1,1.0,23.650000000000002,23.0,81.01,0.0,0.0,0.0,0.0,0.0,0.0,0.0,0.0,1000.0,0.0,1000.0,1000.0,0.0,1000.0,0.0,1.0,1.0,1.0,1.0,1.0,0.0,1.0,1.0,0.0,10.0,0.0,0.95,0.95,0.95,0.0,0.0,0.0,0.0,-98.49999999999972,1151.499999999999,734.7499999999995,33.33,0.0,58.0,58.0,,,,,,,
164,0.0,1.0,1.0,1.0,1.0,1.0,0.0,0.0,1.0,0.0,1.0,1.0,1.0,0.0,1.0,1000.0,10000.0,8000.0,8000.0,8035.0,5000.0,7800.0,1851.0,76.0,0.231375,0.648625,4.093,0.1,1.0,23.650000000000002,23.0,81.0,0.0,0.0,0.0,0.0,0.0,0.0,0.0,0.0,1000.0,0.0,1000.0,1000.0,0.0,1000.0,0.0,1.0,1.0,1.0,1.0,1.0,0.0,1.0,1.0,0.0,10.0,0.0,0.95,0.95,0.95,0.0,0.0,0.0,0.0,-98.49999999999972,1151.499999999999,734.7499999999995,33.33,0.0,58.0,58.0,,,,,,,
165,0.0,1.0,1.0,1.0,1.0,1.0,0.0,0.0,1.0,0.0,1.0,1.0,1.0,0.0,1.0,1000.0,10000.0,8000.0,8000.0,8035.0,5000.0,7800.0,1851.0,76.0,0.231375,0.648625,4.093,0.1,1.0,23.650000000000002,23.0,81.0,0.0,0.0,0.0,0.0,0.0,0.0,0.0,0.0,1000.0,0.0,1000.0,1000.0,0.0,1000.0,0.0,1.0,1.0,1.0,1.0,1.0,0.0,1.0,1.0,0.0,10.0,0.0,0.95,0.95,0.95,0.0,0.0,0.0,0.0,-98.49999999999972,1151.499999999999,734.7499999999995,33.33,0.0,58.0,58.0,,,,,,,
166,0.0,1.0,1.0,1.0,1.0,1.0,0.0,0.0,1.0,0.0,1.0,1.0,1.0,0.0,1.0,1000.0,10000.0,8000.0,8000.0,8035.0,5000.0,7800.0,1851.0,76.0,0.231375,0.648625,4.093,0.1,1.0,23.650000000000002,23.0,81.0,0.0,0.0,0.0,0.0,0.0,0.0,0.0,0.0,1000.0,0.0,1000.0,1000.0,0.0,1000.0,0.0,1.0,1.0,1.0,1.0,1.0,0.0,1.0,1.0,0.0,10.0,0.0,0.95,0.95,0.95,0.0,0.0,0.0,0.0,-98.49999999999972,1151.499999999999,734.7499999999995,33.33,0.0,58.0,58.0,,,,,,,
167,0.0,1.0,1.0,1.0,1.0,1.0,0.0,0.0,1.0,0.0,1.0,1.0,1.0,0.0,1.0,1000.0,10000.0,8000.0,8000.0,8035.0,5000.0,7800.0,1851.0,76.0,0.231375,0.648625,4.093,0.1,1.0,23.650000000000002,23.0,81.0,0.0,0.0,0.0,0.0,0.0,0.0,0.0,0.0,1000.0,0.0,1000.0,1000.0,0.0,1000.0,0.0,1.0,1.0,1.0,1.0,1.0,0.0,1.0,1.0,0.0,10.0,0.0,0.95,0.95,0.95,0.0,0.0,0.0,0.0,-98.49999999999972,1151.499999999999,734.7499999999995,33.33,0.0,58.0,58.0,,,,,,,
168,0.0,1.0,1.0,1.0,1.0,1.0,0.0,0.0,1.0,0.0,1.0,1.0,1.0,0.0,1.0,1000.0,10000.0,8000.0,8000.0,8035.0,5000.0,7800.0,1851.0,76.0,0.231375,0.648625,4.093,0.1,1.0,23.650000000000002,23.0,81.0,0.0,0.0,0.0,0.0,0.0,0.0,0.0,0.0,1000.0,0.0,1000.0,1000.0,0.0,1000.0,0.0,1.0,1.0,1.0,1.0,1.0,0.0,1.0,1.0,0.0,10.0,0.0,0.95,0.95,0.95,0.0,0.0,0.0,0.0,-98.49999999999972,1151.499999999999,734.7499999999995,33.33,0.0,58.0,58.0,,,,,,,
169,0.0,1.0,1.0,1.0,1.0,1.0,0.0,0.0,1.0,0.0,1.0,1.0,1.0,0.0,1.0,1000.0,10000.0,8000.0,8000.0,8035.0,5000.0,7800.0,1851.0,76.0,0.231375,0.648625,4.093,0.1,1.0,23.650000000000002,23.0,81.0,0.0,0.0,0.0,0.0,0.0,0.0,0.0,0.0,1000.0,0.0,1000.0,1000.0,0.0,1000.0,0.0,1.0,1.0,1.0,1.0,1.0,0.0,1.0,1.0,0.0,10.0,0.0,0.95,0.95,0.95,0.0,0.0,0.0,0.0,-98.49999999999972,1151.499999999999,734.7499999999995,33.33,0.0,58.0,58.0,,,,,,,
170,0.0,1.0,1.0,1.0,1.0,1.0,0.0,0.0,1.0,0.0,1.0,1.0,1.0,0.0,1.0,1000.0,10000.0,8000.0,8000.0,8035.0,5000.0,7800.0,1851.0,76.0,0.231375,0.648625,4.093,0.1,1.0,23.650000000000002,23.0,81.0,0.0,0.0,0.0,0.0,0.0,0.0,0.0,0.0,1000.0,0.0,1000.0,1000.0,0.0,1000.0,0.0,1.0,1.0,1.0,1.0,1.0,0.0,1.0,1.0,0.0,10.0,0.0,0.95,0.95,0.95,0.0,0.0,0.0,0.0,-98.49999999999972,1151.499999999999,734.7499999999995,33.33,0.0,58.0,58.0,,,,,,,
171,0.0,1.0,1.0,1.0,1.0,1.0,0.0,0.0,1.0,0.0,1.0,1.0,1.0,0.0,1.0,1000.0,10000.0,8000.0,8000.0,8035.0,5000.0,7800.0,1851.0,76.0,0.231375,0.648625,4.093,0.1,1.0,23.650000000000002,23.0,81.0,0.0,0.0,0.0,0.0,0.0,0.0,0.0,0.0,1000.0,0.0,1000.0,1000.0,0.0,1000.0,0.0,1.0,1.0,1.0,1.0,1.0,0.0,1.0,1.0,0.0,10.0,0.0,0.95,0.95,0.95,0.0,0.0,0.0,0.0,-98.49999999999972,1151.499999999999,734.7499999999995,33.33,0.0,58.0,58.0,,,,,,,
172,0.0,1.0,1.0,1.0,1.0,1.0,0.0,0.0,1.0,0.0,1.0,1.0,1.0,0.0,1.0,1000.0,10000.0,8000.0,8000.0,8035.0,5000.0,7800.0,1851.0,76.0,0.231375,0.648625,4.093,0.1,1.0,23.650000000000002,23.0,81.0,0.0,0.0,0.0,0.0,0.0,0.0,0.0,0.0,1000.0,0.0,1000.0,1000.0,0.0,1000.0,0.0,1.0,1.0,1.0,1.0,1.0,0.0,1.0,1.0,0.0,10.0,0.0,0.95,0.95,0.95,0.0,0.0,0.0,0.0,-98.49999999999972,1151.499999999999,734.7499999999995,33.33,0.0,58.0,58.0,,,,,,,
173,0.0,1.0,1.0,1.0,1.0,1.0,0.0,0.0,1.0,0.0,1.0,1.0,1.0,0.0,1.0,1000.0,10000.0,8000.0,8000.0,8035.0,5000.0,7800.0,1851.0,76.0,0.231375,0.648625,4.093,0.1,1.0,23.650000000000002,23.0,81.0,0.0,0.0,0.0,0.0,0.0,0.0,0.0,0.0,1000.0,0.0,1000.0,1000.0,0.0,1000.0,0.0,1.0,1.0,1.0,1.0,1.0,0.0,1.0,1.0,0.0,10.0,0.0,0.95,0.95,0.95,0.0,0.0,0.0,0.0,-98.49999999999972,1151.499999999999,734.7499999999995,33.33,0.0,58.0,58.0,,,,,,,
174,0.0,1.0,1.0,1.0,1.0,1.0,0.0,0.0,1.0,0.0,1.0,1.0,1.0,0.0,1.0,1000.0,10000.0,8000.0,8000.0,8035.0,5000.0,7800.0,1851.0,76.0,0.231375,0.648625,4.093,0.1,1.0,23.650000000000002,23.0,81.0,0.0,0.0,0.0,0.0,0.0,0.0,0.0,0.0,1000.0,0.0,1000.0,1000.0,0.0,1000.0,0.0,1.0,1.0,1.0,1.0,1.0,0.0,1.0,1.0,0.0,10.0,0.0,0.95,0.95,0.95,0.0,0.0,0.0,0.0,-98.49999999999972,1151.499999999999,734.7499999999995,33.33,0.0,58.0,58.0,,,,,,,
175,0.0,1.0,1.0,1.0,1.0,1.0,0.0,0.0,1.0,0.0,1.0,1.0,1.0,0.0,1.0,1000.0,10000.0,8000.0,8000.0,8035.0,5000.0,7800.0,1851.0,76.0,0.231375,0.648625,4.093,0.1,1.0,23.650000000000002,23.0,81.0,0.0,0.0,0.0,0.0,0.0,0.0,0.0,0.0,1000.0,0.0,1000.0,1000.0,0.0,1000.0,0.0,1.0,1.0,1.0,1.0,1.0,0.0,1.0,1.0,0.0,10.0,0.0,0.95,0.95,0.95,0.0,0.0,0.0,0.0,-98.49999999999972,1151.499999999999,734.7499999999995,33.33,0.0,58.0,58.0,,,,,,,
176,0.0,1.0,1.0,1.0,1.0,1.0,0.0,0.0,1.0,0.0,1.0,1.0,1.0,0.0,1.0,1000.0,10000.0,8000.0,8000.0,8035.0,5000.0,7800.0,1851.0,76.0,0.231375,0.648625,4.093,0.1,1.0,23.650000000000002,23.0,81.0,0.0,0.0,0.0,0.0,0.0,0.0,0.0,0.0,1000.0,0.0,1000.0,1000.0,0.0,1000.0,0.0,1.0,1.0,1.0,1.0,1.0,0.0,1.0,1.0,0.0,10.0,0.0,0.95,0.95,0.95,0.0,0.0,0.0,0.0,-98.49999999999972,1151.499999999999,734.7499999999995,33.33,0.0,58.0,58.0,,,,,,,
177,0.0,1.0,1.0,1.0,1.0,1.0,0.0,0.0,1.0,0.0,1.0,1.0,1.0,0.0,1.0,1000.0,10000.0,8000.0,8000.0,8035.0,5000.0,7800.0,1851.0,76.0,0.231375,0.648625,4.093,0.1,1.0,23.650000000000002,23.0,81.0,0.0,0.0,0.0,0.0,0.0,0.0,0.0,0.0,1000.0,0.0,1000.0,1000.0,0.0,1000.0,0.0,1.0,1.0,1.0,1.0,1.0,0.0,1.0,1.0,0.0,10.0,0.0,0.95,0.95,0.95,0.0,0.0,0.0,0.0,-98.49999999999972,1151.499999999999,734.7499999999995,33.33,0.0,58.0,58.0,,,,,,,
178,0.0,1.0,1.0,1.0,1.0,1.0,0.0,0.0,1.0,0.0,1.0,1.0,1.0,0.0,1.0,1000.0,10000.0,8000.0,8000.0,8035.0,5000.0,7800.0,1851.0,76.0,0.231375,0.648625,4.093,0.1,1.0,23.650000000000002,23.0,81.0,0.0,0.0,0.0,0.0,0.0,0.0,0.0,0.0,1000.0,0.0,1000.0,1000.0,0.0,1000.0,0.0,1.0,1.0,1.0,1.0,1.0,0.0,1.0,1.0,0.0,10.0,0.0,0.95,0.95,0.95,0.0,0.0,0.0,0.0,-98.49999999999972,1151.499999999999,734.7499999999995,33.33,0.0,58.0,58.0,,,,,,,
179,0.0,1.0,1.0,1.0,1.0,1.0,0.0,0.0,1.0,0.0,1.0,1.0,1.0,0.0,1.0,1000.0,10000.0,8000.0,8000.0,8035.0,5000.0,7800.0,1851.0,76.0,0.231375,0.648625,4.093,0.1,1.0,23.650000000000002,23.0,81.0,0.0,0.0,0.0,0.0,0.0,0.0,0.0,0.0,1000.0,0.0,1000.0,1000.0,0.0,1000.0,0.0,1.0,1.0,1.0,1.0,1.0,0.0,1.0,1.0,0.0,10.0,0.0,0.95,0.95,0.95,0.0,0.0,0.0,0.0,-98.49999999999972,1151.499999999999,734.7499999999995,33.33,0.0,58.0,58.0,,,,,,,
180,0.0,1.0,1.0,1.0,1.0,1.0,0.0,0.0,1.0,0.0,1.0,1.0,1.0,0.0,1.0,1000.0,10000.0,8000.0,8000.0,8035.0,5000.0,7800.0,1851.0,76.0,0.231375,0.648625,4.093,0.1,1.0,23.650000000000002,23.0,81.0,0.0,0.0,0.0,0.0,0.0,0.0,0.0,0.0,1000.0,0.0,1000.0,1000.0,0.0,1000.0,0.0,1.0,1.0,1.0,1.0,1.0,0.0,1.0,1.0,0.0,10.0,0.0,0.95,0.95,0.95,0.0,0.0,0.0,0.0,-98.49999999999972,1151.499999999999,734.7499999999995,33.33,0.0,58.0,58.0,,,,,,,
181,0.0,1.0,1.0,1.0,1.0,1.0,0.0,0.0,1.0,0.0,1.0,1.0,1.0,0.0,1.0,1000.0,10000.0,8000.0,8000.0,8035.0,5000.0,7800.0,1851.0,76.0,0.231375,0.648625,4.093,0.1,1.0,23.650000000000002,23.0,81.0,0.0,0.0,0.0,0.0,0.0,0.0,0.0,0.0,1000.0,0.0,1000.0,1000.0,0.0,1000.0,0.0,1.0,1.0,1.0,1.0,1.0,0.0,1.0,1.0,0.0,10.0,0.0,0.95,0.95,0.95,0.0,0.0,0.0,0.0,-98.49999999999972,1151.499999999999,734.7499999999995,33.33,0.0,58.0,58.0,,,,,,,
182,0.0,1.0,1.0,1.0,1.0,1.0,0.0,0.0,1.0,0.0,1.0,1.0,1.0,0.0,1.0,1000.0,10000.0,8000.0,8000.0,8035.0,5000.0,7800.0,1851.0,76.0,0.231375,0.648625,4.093,0.1,1.0,23.650000000000002,23.0,81.12,0.0,0.0,0.0,0.0,0.0,0.0,0.0,0.0,1000.0,0.0,1000.0,1000.0,0.0,1000.0,0.0,1.0,1.0,1.0,1.0,1.0,0.0,1.0,1.0,0.0,10.0,0.0,0.95,0.95,0.95,0.0,0.0,0.0,0.0,-98.49999999999972,1151.499999999999,734.7499999999995,33.33,0.0,58.0,58.0,,,,,,,
183,0.0,1.0,1.0,1.0,1.0,1.0,0.0,0.0,1.0,0.0,1.0,1.0,1.0,0.0,1.0,1000.0,10000.0,8000.0,8000.0,8035.0,5000.0,7800.0,1851.0,76.0,0.231375,0.648625,4.093,0.1,1.0,23.650000000000002,23.0,81.12,0.0,0.0,0.0,0.0,0.0,0.0,0.0,0.0,1000.0,0.0,1000.0,1000.0,0.0,1000.0,0.0,1.0,1.0,1.0,1.0,1.0,0.0,1.0,1.0,0.0,10.0,0.0,0.95,0.95,0.95,0.0,0.0,0.0,0.0,-98.49999999999972,1151.499999999999,734.7499999999995,33.33,0.0,58.0,58.0,,,,,,,
184,0.0,1.0,1.0,1.0,1.0,1.0,0.0,0.0,1.0,0.0,1.0,1.0,1.0,0.0,1.0,1000.0,10000.0,8000.0,8000.0,8035.0,5000.0,7800.0,1851.0,76.0,0.231375,0.648625,4.093,0.1,1.0,23.650000000000002,23.0,81.12,0.0,0.0,0.0,0.0,0.0,0.0,0.0,0.0,1000.0,0.0,1000.0,1000.0,0.0,1000.0,0.0,1.0,1.0,1.0,1.0,1.0,0.0,1.0,1.0,0.0,10.0,0.0,0.95,0.95,0.95,0.0,0.0,0.0,0.0,-98.49999999999972,1151.499999999999,734.7499999999995,33.33,0.0,58.0,58.0,,,,,,,
185,0.0,1.0,1.0,1.0,1.0,1.0,0.0,0.0,1.0,0.0,1.0,1.0,1.0,0.0,1.0,1000.0,10000.0,8000.0,8000.0,8035.0,5000.0,7800.0,1851.0,76.0,0.231375,0.648625,4.093,0.1,1.0,23.650000000000002,23.0,81.12,0.0,0.0,0.0,0.0,0.0,0.0,0.0,0.0,1000.0,0.0,1000.0,1000.0,0.0,1000.0,0.0,1.0,1.0,1.0,1.0,1.0,0.0,1.0,1.0,0.0,10.0,0.0,0.95,0.95,0.95,0.0,0.0,0.0,0.0,-98.49999999999972,1151.499999999999,734.7499999999995,33.33,0.0,58.0,58.0,,,,,,,
186,0.0,1.0,1.0,1.0,1.0,1.0,0.0,0.0,1.0,0.0,1.0,1.0,1.0,0.0,1.0,1000.0,10000.0,8000.0,8000.0,8035.0,5000.0,7800.0,1851.0,76.0,0.231375,0.648625,4.093,0.1,1.0,23.650000000000002,23.0,81.0,0.0,0.0,0.0,0.0,0.0,0.0,0.0,0.0,1000.0,0.0,1000.0,1000.0,0.0,1000.0,0.0,1.0,1.0,1.0,1.0,1.0,0.0,1.0,1.0,0.0,10.0,0.0,0.95,0.95,0.95,0.0,0.0,0.0,0.0,-98.49999999999972,1151.499999999999,734.7499999999995,33.33,0.0,58.0,58.0,,,,,,,
187,0.0,1.0,1.0,1.0,1.0,1.0,0.0,0.0,1.0,0.0,1.0,1.0,1.0,0.0,1.0,1000.0,10000.0,8000.0,8000.0,8035.0,5000.0,7800.0,1851.0,76.0,0.231375,0.648625,4.093,0.1,1.0,23.650000000000002,23.0,81.0,0.0,0.0,0.0,0.0,0.0,0.0,0.0,0.0,1000.0,0.0,1000.0,1000.0,0.0,1000.0,0.0,1.0,1.0,1.0,1.0,1.0,0.0,1.0,1.0,0.0,10.0,0.0,0.95,0.95,0.95,0.0,0.0,0.0,0.0,-98.49999999999972,1151.499999999999,734.7499999999995,33.33,0.0,58.0,58.0,,,,,,,
188,0.0,1.0,1.0,1.0,1.0,1.0,0.0,0.0,1.0,0.0,1.0,1.0,1.0,0.0,1.0,1000.0,10000.0,8000.0,8000.0,8035.0,5000.0,7800.0,1851.0,76.0,0.231375,0.648625,4.093,0.1,1.0,23.650000000000002,23.0,81.14000000000001,0.0,0.0,0.0,0.0,0.0,0.0,0.0,0.0,1000.0,0.0,1000.0,1000.0,0.0,1000.0,0.0,1.0,1.0,1.0,1.0,1.0,0.0,1.0,1.0,0.0,10.0,0.0,0.95,0.95,0.95,0.0,0.0,0.0,0.0,-98.49999999999972,1151.499999999999,734.7499999999995,33.33,0.0,58.0,58.0,,,,,,,
189,0.0,1.0,1.0,1.0,1.0,1.0,0.0,0.0,1.0,0.0,1.0,1.0,1.0,0.0,1.0,1000.0,10000.0,8000.0,8000.0,8035.0,5000.0,7800.0,1851.0,76.0,0.231375,0.648625,4.093,0.1,1.0,23.650000000000002,23.0,81.14000000000001,0.0,0.0,0.0,0.0,0.0,0.0,0.0,0.0,1000.0,0.0,1000.0,1000.0,0.0,1000.0,0.0,1.0,1.0,1.0,1.0,1.0,0.0,1.0,1.0,0.0,10.0,0.0,0.95,0.95,0.95,0.0,0.0,0.0,0.0,-98.49999999999972,1151.499999999999,734.7499999999995,33.33,0.0,58.0,58.0,,,,,,,
190,0.0,1.0,1.0,1.0,1.0,1.0,0.0,0.0,1.0,0.0,1.0,1.0,1.0,0.0,1.0,1000.0,10000.0,8000.0,8000.0,8034.000000000001,5000.0,7800.0,1851.0,76.0,0.231375,0.648625,4.093,0.1,1.0,23.650000000000002,23.0,81.0,0.0,0.0,0.0,0.0,0.0,0.0,0.0,0.0,1000.0,0.0,1000.0,1000.0,0.0,1000.0,0.0,1.0,1.0,1.0,1.0,1.0,0.0,1.0,1.0,0.0,10.0,0.0,0.95,0.95,0.95,0.0,0.0,0.0,0.0,-98.49999999999972,1151.499999999999,734.7499999999995,33.33,0.0,58.0,58.0,,,,,,,
191,0.0,1.0,1.0,1.0,1.0,1.0,0.0,0.0,1.0,0.0,1.0,1.0,1.0,0.0,1.0,1000.0,10000.0,8000.0,8000.0,8034.000000000001,5000.0,7800.0,1851.0,76.0,0.231375,0.648625,4.093,0.1,1.0,23.650000000000002,23.0,81.0,0.0,0.0,0.0,0.0,0.0,0.0,0.0,0.0,1000.0,0.0,1000.0,1000.0,0.0,1000.0,0.0,1.0,1.0,1.0,1.0,1.0,0.0,1.0,1.0,0.0,10.0,0.0,0.95,0.95,0.95,0.0,0.0,0.0,0.0,-98.49999999999972,1151.499999999999,734.7499999999995,33.33,0.0,58.0,58.0,,,,,,,
192,0.0,1.0,1.0,1.0,1.0,1.0,0.0,0.0,1.0,0.0,1.0,1.0,1.0,0.0,1.0,1000.0,10000.0,8000.0,8000.0,8035.0,5000.0,7800.0,1851.0,76.0,0.231375,0.648625,4.093,0.1,1.0,23.650000000000002,23.0,81.06,0.0,0.0,0.0,0.0,0.0,0.0,0.0,0.0,1000.0,0.0,1000.0,1000.0,0.0,1000.0,0.0,1.0,1.0,1.0,1.0,1.0,0.0,1.0,1.0,0.0,10.0,0.0,0.95,0.95,0.95,0.0,0.0,0.0,0.0,-98.49999999999972,1151.499999999999,734.7499999999995,33.33,0.0,58.0,58.0,,,,,,,
193,0.0,1.0,1.0,1.0,1.0,1.0,0.0,0.0,1.0,0.0,1.0,1.0,1.0,0.0,1.0,1000.0,10000.0,8000.0,8000.0,8035.0,5000.0,7800.0,1851.0,76.0,0.231375,0.648625,4.093,0.1,1.0,23.650000000000002,23.0,81.06,0.0,0.0,0.0,0.0,0.0,0.0,0.0,0.0,1000.0,0.0,1000.0,1000.0,0.0,1000.0,0.0,1.0,1.0,1.0,1.0,1.0,0.0,1.0,1.0,0.0,10.0,0.0,0.95,0.95,0.95,0.0,0.0,0.0,0.0,-98.49999999999972,1151.499999999999,734.7499999999995,33.33,0.0,58.0,58.0,,,,,,,
194,0.0,1.0,1.0,1.0,1.0,1.0,0.0,0.0,1.0,0.0,1.0,1.0,1.0,0.0,1.0,1000.0,10000.0,8000.0,8000.0,8035.0,5000.0,7800.0,1851.0,76.0,0.231375,0.648625,4.093,0.1,1.0,23.650000000000002,23.0,81.0,0.0,0.0,0.0,0.0,0.0,0.0,0.0,0.0,1000.0,0.0,1000.0,1000.0,0.0,1000.0,0.0,1.0,1.0,1.0,1.0,1.0,0.0,1.0,1.0,0.0,10.0,0.0,0.95,0.95,0.95,0.0,0.0,0.0,0.0,-98.49999999999972,1151.499999999999,734.7499999999995,33.33,0.0,58.0,58.0,,,,,,,
195,0.0,1.0,1.0,1.0,1.0,1.0,0.0,0.0,1.0,0.0,1.0,1.0,1.0,0.0,1.0,1000.0,10000.0,8000.0,8000.0,8035.0,5000.0,7800.0,1851.0,76.0,0.231375,0.648625,4.093,0.1,1.0,23.650000000000002,23.0,81.0,0.0,0.0,0.0,0.0,0.0,0.0,0.0,0.0,1000.0,0.0,1000.0,1000.0,0.0,1000.0,0.0,1.0,1.0,1.0,1.0,1.0,0.0,1.0,1.0,0.0,10.0,0.0,0.95,0.95,0.95,0.0,0.0,0.0,0.0,-98.49999999999972,1151.499999999999,734.7499999999995,33.33,0.0,58.0,58.0,,,,,,,
196,0.0,1.0,1.0,1.0,1.0,1.0,0.0,0.0,1.0,0.0,1.0,1.0,1.0,0.0,1.0,1000.0,10000.0,8000.0,8000.0,8035.0,5000.0,7800.0,1851.0,76.0,0.231375,0.648625,4.093,0.1,1.0,46.2,60.0,81.0,0.0,0.0,0.0,0.0,0.0,0.0,0.0,0.0,1000.0,0.0,1000.0,1000.0,0.0,1000.0,0.0,1.0,1.0,1.0,1.0,1.0,0.0,1.0,1.0,0.0,10.0,0.0,0.95,0.95,0.95,0.0,0.0,0.0,0.0,-98.49999999999972,1151.499999999999,1151.499999999999,50.0,0.0,59.84,58.92,,,,,,,
197,0.0,1.0,1.0,1.0,1.0,1.0,0.0,0.0,1.0,0.0,1.0,1.0,1.0,0.0,1.0,1000.0,10000.0,8000.0,8000.0,8035.0,5000.0,7800.0,1851.0,76.0,0.231375,0.648625,4.093,0.1,1.0,46.2,60.0,81.0,0.0,0.0,0.0,0.0,0.0,0.0,0.0,0.0,1000.0,0.0,1000.0,1000.0,0.0,1000.0,0.0,1.0,1.0,1.0,1.0,1.0,0.0,1.0,1.0,0.0,10.0,0.0,0.95,0.95,0.95,0.0,0.0,0.0,0.0,-98.49999999999972,1151.499999999999,1151.499999999999,50.0,0.0,59.84,58.92,,,,,,,
198,0.0,1.0,1.0,1.0,1.0,1.0,0.0,0.0,1.0,0.0,1.0,1.0,1.0,0.0,1.0,1000.0,10000.0,8000.0,8000.0,8035.0,5000.0,7800.0,1851.0,76.0,0.231375,0.648625,4.093,0.1,1.0,46.2,60.0,81.0,0.0,0.0,0.0,0.0,0.0,0.0,0.0,0.0,1000.0,0.0,1000.0,1000.0,0.0,1000.0,0.0,1.0,1.0,1.0,1.0,1.0,0.0,1.0,1.0,0.0,10.0,0.0,0.95,0.95,0.95,0.0,0.0,0.0,0.0,-98.49999999999972,1151.499999999999,1151.499999999999,50.0,0.0,59.84,58.92,,,,,,,
